about,address,area_service,booking_appointment_link,business_status,category,cid,city,company_insights.address,company_insights.city,company_insights.country,company_insights.description,company_insights.employees,company_insights.facebook_company_page,company_insights.founded_year,company_insights.industry,company_insights.is_public,company_insights.linkedin_bio,company_insights.linkedin_company_page,company_insights.name,company_insights.phone,company_insights.phone.phones_enricher.carrier_name,company_insights.phone.phones_enricher.carrier_type,company_insights.revenue,company_insights.state,company_insights.timezone,company_insights.total_money_raised,company_insights.twitter_handle,company_insights.zip,country,country_code,county,description,google_id,h3,kgmid,latitude,located_google_id,located_in,location_link,location_reviews_link,logo,longitude,menu_link,name,name_for_emails,order_links,other_hours,owner_id,owner_link,owner_title,phone,phone.phones_enricher.carrier_name,phone.phones_enricher.carrier_type,photo,photos_count,place_id,plus_code,popular_times,postal_code,posts,prices,query,range,rating,reservation_links,reviews,reviews_id,reviews_link,reviews_per_score,reviews_tags,state,state_code,street,street_view,subtypes,time_zone,type,typical_time_spent,verified,website,working_hours,working_hours_csv_compatible
"{'Accessibility': {'Wheelchair accessible entrance': True, 'Wheelchair accessible parking lot': True, 'Wheelchair accessible restroom': True}}","125 I-30 Frontage Rd Suite I, Royse City, TX 75189",False,,OPERATIONAL,,4257223782878987728,Royse City,,,,,,,,,,,,,,,,,,,,,,United States of America,US,,,0x864bff67602a4699:0x3b14b2798bd8c5d0,8926c8266cbffff,/g/11x2t42bsx,32.9679761,,,"https://www.google.com/maps/place/Day+Spa+Massage/@32.9679761,-96.332999,14z/data=!4m8!1m2!2m1!1sDay+Spa+Massage!3m4!1s0x864bff67602a4699:0x3b14b2798bd8c5d0!8m2!3d32.9679761!4d-96.332999","https://www.google.com/maps/place/Day+Spa+Massage/@32.9679761,-96.332999,13.99z/data=!4m16!1m7!3m6!1s0x864bff67602a4699:0x3b14b2798bd8c5d0!2sDay+Spa+Massage!8m2!3d32.9679761!4d-96.332999!16s%2Fg%2F11ckvg1dmb!3m7!1s0x864bff67602a4699:0x3b14b2798bd8c5d0!8m2!3d32.9679761!4d-96.332999!9m1!1b1!16s%2Fg%2F11ckvg1dmb?entry=ttu",https://lh5.googleusercontent.com/-OO6myYqk6Tw/AAAAAAAAAAI/AAAAAAAAAAA/3Ooj9pu7iIg/s44-p-k-no-ns-nd/photo.jpg,-96.332999,,Day Spa Massage,Day Spa Massage,,,117895949654467346655,https://www.google.com/maps/contrib/117895949654467346655,Day Spa Massage,+1 972-750-6570,,landline,https://lh3.googleusercontent.com/p/AF1QipNVchVKy-f0XUOdoeIqmFFr2rcPgGrvq7ywG79q=w800-h500-k-no,14,ChIJmUYqYGf_S4YR0MXYi3myFDs,,,75189,,,"Massage therapist near Royse City, TX",,4.9,,,,,,,Texas,TX,125 I-30 Frontage Rd Suite I,,Massage spa,America/Chicago,Massage spa,,True,http://daysparoysecity.com/,{'Thursday': ['10AM-9PM']},"Thursday,10AM,9PM"
{'Accessibility': {'Wheelchair accessible parking lot': True}},"213 S Elm St, Royse City, TX 75189",False,,OPERATIONAL,,6627699231120911708,Royse City,,,,,,,,,,,,,,,,,,,,,,United States of America,US,,,0x864bffd6b1bebc21:0x5bfa5155ed176d5c,8926c835ba7ffff,/g/11vszgv8dv,32.973257499999995,,,"https://www.google.com/maps/place/Shekhinah+Massage/@32.973257499999995,-96.3322657,14z/data=!4m8!1m2!2m1!1sShekhinah+Massage!3m4!1s0x864bffd6b1bebc21:0x5bfa5155ed176d5c!8m2!3d32.973257499999995!4d-96.3322657","https://www.google.com/maps/place/Shekhinah+Massage/@32.973257499999995,-96.3322657,13.99z/data=!4m16!1m7!3m6!1s0x864bffd6b1bebc21:0x5bfa5155ed176d5c!2sShekhinah+Massage!8m2!3d32.973257499999995!4d-96.3322657!16s%2Fg%2F11ckvg1dmb!3m7!1s0x864bffd6b1bebc21:0x5bfa5155ed176d5c!8m2!3d32.973257499999995!4d-96.3322657!9m1!1b1!16s%2Fg%2F11ckvg1dmb?entry=ttu",https://lh6.googleusercontent.com/-Rb5ELQY9hm4/AAAAAAAAAAI/AAAAAAAAAAA/AFArBMtEF14/s44-p-k-no-ns-nd/photo.jpg,-96.3322657,,Shekhinah Massage,Shekhinah Massage,,,100128875878010402471,https://www.google.com/maps/contrib/100128875878010402471,Shekhinah Massage,+1 214-587-2207,CELLCO PARTNERSHIP DBA VERIZON WIRELESS - TX,mobile,https://lh3.googleusercontent.com/p/AF1QipNF3Mbum-5ftnML-I7b9Xhw0VlglxzQlY8G9uRQ=w800-h500-k-no,19,ChIJIby-sdb_S4YRXG0X7VVR-ls,,,75189,,,"Massage therapist near Royse City, TX",,5.0,,,,,,,Texas,TX,213 S Elm St,,Massage therapist,America/Chicago,Massage therapist,,True,https://shekhinah-massage-therapy.square.site/,{'Thursday': ['9AM-6PM']},"Thursday,9AM,6PM"
"{'Accessibility': {'Wheelchair accessible entrance': True, 'Wheelchair accessible parking lot': True, 'Wheelchair accessible restroom': True, 'Wheelchair accessible seating': True}, 'Other': {'Identifies as women-owned': True}}","422 I-30 Frontage Rd Suit D, Royse City, TX 75189",False,,OPERATIONAL,,12951548246963451669,Royse City,422 Interstate 30,Royse City,United States,"We are here to help you live your best life, We have many services to help you with your goals, Massage, Access Consciousness, Bodywork, IV Therapy, Facial, Waxing, Lashes & Brows, Reiki, Infrared Sauna, Bio Scan, Frequency Therapy, Hypno...",,,2021.0,,False,"We are here to help you live your best life, We have many services to help you with your goals, Massage, Access Consciousness, Bodywork, IV Therapy, Facial, Waxing, Lashes & Brows, Reiki, Infrared Sauna, Bio Scan, Frequency Therapy, Hypno...",https://www.linkedin.com/company/perfect-balanced-life,Perfectbalancedlife,,,,,TX,America/Chicago,,,75189,United States of America,US,,,0x864bff50b4c6a07f:0xb3bd2482a796f715,8926c8266d3ffff,/g/11np3fb6j0,32.9718046,,,"https://www.google.com/maps/place/Perfect+Balanced+Life/@32.9718046,-96.3280698,14z/data=!4m8!1m2!2m1!1sPerfect+Balanced+Life!3m4!1s0x864bff50b4c6a07f:0xb3bd2482a796f715!8m2!3d32.9718046!4d-96.3280698","https://www.google.com/maps/place/Perfect+Balanced+Life/@32.9718046,-96.3280698,13.99z/data=!4m16!1m7!3m6!1s0x864bff50b4c6a07f:0xb3bd2482a796f715!2sPerfect+Balanced+Life!8m2!3d32.9718046!4d-96.3280698!16s%2Fg%2F11ckvg1dmb!3m7!1s0x864bff50b4c6a07f:0xb3bd2482a796f715!8m2!3d32.9718046!4d-96.3280698!9m1!1b1!16s%2Fg%2F11ckvg1dmb?entry=ttu",https://lh6.googleusercontent.com/-mmECZQFueQo/AAAAAAAAAAI/AAAAAAAAAAA/4pYyZf1PsR8/s44-p-k-no-ns-nd/photo.jpg,-96.3280698,,Perfect Balanced Life,Perfect Balanced Life,,,100338570917818046968,https://www.google.com/maps/contrib/100338570917818046968,Perfect Balanced Life,+1 972-968-9001,,landline,https://lh3.googleusercontent.com/gps-cs-s/AHVAweq2ZC5G3_cOi5yV6BY54kgy8XXEGDl2IUtB4GiAQ2JcZu9fRPDhFT-H83W5S5Me3v-ne_n9EJWipWczkTRtAERGh2-WHnzlalgq_8qDS1lBv8yeQInhgd0MbZeSLCM8Uwe0ocsNjA=w800-h500-k-no,46,ChIJf6DGtFD_S4YRFfeWp4IkvbM,,,75189,,,"Massage therapist near Royse City, TX",,4.8,,,,,,,Texas,TX,422 I-30 Frontage Rd Suit D,,"Massage therapist, Facial spa, Foot bath, Massage spa, Wellness center, Reflexologist, Sauna, Thai massage therapist, Wellness program",America/Chicago,Massage therapist,,True,http://perfectbalancedlife.com/,{'Thursday': ['9AM-8PM']},"Thursday,9AM,8PM"
{'Accessibility': {'Wheelchair accessible parking lot': True}},"3723 FM551, 3723 FM551, Royse City, TX 75189",False,,OPERATIONAL,,7846281560519195962,Royse City,,,,,,,,,,,,,,,,,,,,,,United States of America,US,,,0x864955ec55f13649:0x6ce397820671bd3a,8926c82464fffff,/g/11pyppqj_6,32.9028194,,,"https://www.google.com/maps/place/Massage+by+Deborah/@32.9028194,-96.3686903,14z/data=!4m8!1m2!2m1!1sMassage+by+Deborah!3m4!1s0x864955ec55f13649:0x6ce397820671bd3a!8m2!3d32.9028194!4d-96.3686903","https://www.google.com/maps/place/Massage+by+Deborah/@32.9028194,-96.3686903,13.99z/data=!4m16!1m7!3m6!1s0x864955ec55f13649:0x6ce397820671bd3a!2sMassage+by+Deborah!8m2!3d32.9028194!4d-96.3686903!16s%2Fg%2F11ckvg1dmb!3m7!1s0x864955ec55f13649:0x6ce397820671bd3a!8m2!3d32.9028194!4d-96.3686903!9m1!1b1!16s%2Fg%2F11ckvg1dmb?entry=ttu",https://lh4.googleusercontent.com/-JY48rPrIZIs/AAAAAAAAAAI/AAAAAAAAAAA/TZEj4PsEFn0/s44-p-k-no-ns-nd/photo.jpg,-96.3686903,,Massage by Deborah,Massage By Deborah,,,115299301522591113792,https://www.google.com/maps/contrib/115299301522591113792,Massage by Deborah,+1 512-865-7742,"NEW CINGULAR WIRELESS PCS, LLC - IL",mobile,https://lh3.googleusercontent.com/p/AF1QipOsPb52aq6L5KhtNVawDnxLtCgYFc8JCPYqzKRD=w800-h500-k-no,3,ChIJSTbxVexVSYYROr1xBoKX42w,,,75189,,,"Massage therapist near Royse City, TX",,4.0,,,,,,,Texas,TX,"3723 FM551, 3723 FM551",https://streetviewpixels-pa.googleapis.com/v1/thumbnail?panoid=URiaXI7qUX1_YruvhcAazw&cb_client=search.gws-prod.gps&w=1600&h=1000&yaw=24.573246&pitch=0&thumbfov=100,Massage therapist,America/Chicago,Massage therapist,,True,,"{'Thursday': ['12-6AM', '9AM-12AM']}","Thursday,12,6AM|Thursday,9AM,12AM"
"{'Accessibility': {'Wheelchair accessible entrance': True, 'Wheelchair accessible parking lot': True}, 'Other': {'Identifies as women-owned': True}}","5196 TX-276 D, Royse City, TX 75189",False,,OPERATIONAL,,5807345724533730960,Royse City,,,,,,,,,,,,,,,,,,,,,,United States of America,US,,,0x864bff33e5b93335:0x5097d62af6b76e90,8926c826c17ffff,/g/11q960pd8n,32.9172875,,,"https://www.google.com/maps/place/RecovHer+Women%27s+Wellness+Massage/@32.9172875,-96.2555764,14z/data=!4m8!1m2!2m1!1sRecovHer+Women%27s+Wellness+Massage!3m4!1s0x864bff33e5b93335:0x5097d62af6b76e90!8m2!3d32.9172875!4d-96.2555764","https://www.google.com/maps/place/RecovHer+Women%27s+Wellness+Massage/@32.9172875,-96.2555764,13.99z/data=!4m16!1m7!3m6!1s0x864bff33e5b93335:0x5097d62af6b76e90!2sRecovHer+Women%27s+Wellness+Massage!8m2!3d32.9172875!4d-96.2555764!16s%2Fg%2F11ckvg1dmb!3m7!1s0x864bff33e5b93335:0x5097d62af6b76e90!8m2!3d32.9172875!4d-96.2555764!9m1!1b1!16s%2Fg%2F11ckvg1dmb?entry=ttu",https://lh6.googleusercontent.com/-3eFvslZV9Qc/AAAAAAAAAAI/AAAAAAAAAAA/HX_jSD2WzuU/s44-p-k-no-ns-nd/photo.jpg,-96.2555764,,RecovHer Women's Wellness Massage,Recovher Womens Wellness Massage,,,115116663655221875873,https://www.google.com/maps/contrib/115116663655221875873,RecovHer Women's Wellness Massage,+1 469-410-8236,"T-MOBILE USA, INC.",mobile,https://lh3.googleusercontent.com/p/AF1QipPyyuIuTenKbRGpMfgRM_1ERh1XLOqESTLWu-c4=w800-h500-k-no,24,ChIJNTO55TP_S4YRkG639irWl1A,,,75189,,,"Massage therapist near Royse City, TX",,4.9,,,,,,,Texas,TX,5196 TX-276 D,,Massage therapist,America/Chicago,Massage therapist,,True,http://recovhermassage.com/,{'Thursday': ['10AM-3PM']},"Thursday,10AM,3PM"
"{'Accessibility': {'Wheelchair accessible entrance': True, 'Wheelchair accessible parking lot': True}, 'Other': {'Identifies as women-owned': True}}","5196 TX-276 D, Royse City, TX 75189",False,,OPERATIONAL,,4169913832561431843,Royse City,,,,,,,,,,,,,,,,,,,,,,United States of America,US,,,0x864957423451ba3b:0x39de82899dcfd523,8926c826c17ffff,/g/11m5_c6cpb,32.9172875,,,"https://www.google.com/maps/place/Vive+Head+Spa/@32.9172875,-96.2555764,14z/data=!4m8!1m2!2m1!1sVive+Head+Spa!3m4!1s0x864957423451ba3b:0x39de82899dcfd523!8m2!3d32.9172875!4d-96.2555764","https://www.google.com/maps/place/Vive+Head+Spa/@32.9172875,-96.2555764,13.99z/data=!4m16!1m7!3m6!1s0x864957423451ba3b:0x39de82899dcfd523!2sVive+Head+Spa!8m2!3d32.9172875!4d-96.2555764!16s%2Fg%2F11ckvg1dmb!3m7!1s0x864957423451ba3b:0x39de82899dcfd523!8m2!3d32.9172875!4d-96.2555764!9m1!1b1!16s%2Fg%2F11ckvg1dmb?entry=ttu",https://lh6.googleusercontent.com/-WivyEYnr-iY/AAAAAAAAAAI/AAAAAAAAAAA/Os-RD-PtJno/s44-p-k-no-ns-nd/photo.jpg,-96.2555764,,Vive Head Spa,Vive Head Spa,,,107005199585132462943,https://www.google.com/maps/contrib/107005199585132462943,Vive Head Spa,+1 469-410-8236,"T-MOBILE USA, INC.",mobile,https://streetviewpixels-pa.googleapis.com/v1/thumbnail?panoid=a9QRJp67LyxMHJ5cUHtwsQ&cb_client=search.gws-prod.gps&w=800&h=500&yaw=7.709368&pitch=0&thumbfov=100,2,ChIJO7pRNEJXSYYRI9XPnYmC3jk,,,75189,,,"Massage therapist near Royse City, TX",,4.3,,,,,,,Texas,TX,5196 TX-276 D,https://streetviewpixels-pa.googleapis.com/v1/thumbnail?panoid=a9QRJp67LyxMHJ5cUHtwsQ&cb_client=search.gws-prod.gps&w=1600&h=1000&yaw=7.709368&pitch=0&thumbfov=100,Spa,America/Chicago,Spa,,True,http://viveheadspa.com/,{'Thursday': ['10AM-2PM']},"Thursday,10AM,2PM"
"{'Accessibility': {'Wheelchair accessible entrance': True, 'Wheelchair accessible parking lot': True}}","1170 N King Rd, Fate, TX 75189",False,,OPERATIONAL,,17094899699161977656,Fate,2827 Market Center Drive,Rockwall,United States,"Massage Rockwall, Fate, Forney Sports Massage Chronic Pain Management",10.0,,,HOSPITAL_HEALTH_CARE,False,,,Massage Rockwall,+1 214-215-9093,"NEW CINGULAR WIRELESS PCS, LLC - IL",mobile,1000000.0,TX,America/Chicago,,RockwallMassage,75032,United States of America,US,,,0x864eaa6f68b6c9db:0xed3d48b4277b5338,8926c822907ffff,/g/1hhh9zwhj,32.980846299999996,,,"https://www.google.com/maps/place/Massage+Rockwall+-+Debbie+Gillespie+LMT/@32.980846299999996,-96.38783959999999,14z/data=!4m8!1m2!2m1!1sMassage+Rockwall+-+Debbie+Gillespie+LMT!3m4!1s0x864eaa6f68b6c9db:0xed3d48b4277b5338!8m2!3d32.980846299999996!4d-96.38783959999999","https://www.google.com/maps/place/Massage+Rockwall+-+Debbie+Gillespie+LMT/@32.980846299999996,-96.38783959999999,13.99z/data=!4m16!1m7!3m6!1s0x864eaa6f68b6c9db:0xed3d48b4277b5338!2sMassage+Rockwall+-+Debbie+Gillespie+LMT!8m2!3d32.980846299999996!4d-96.38783959999999!16s%2Fg%2F11ckvg1dmb!3m7!1s0x864eaa6f68b6c9db:0xed3d48b4277b5338!8m2!3d32.980846299999996!4d-96.38783959999999!9m1!1b1!16s%2Fg%2F11ckvg1dmb?entry=ttu",https://lh3.googleusercontent.com/-hjwmWubE90k/AAAAAAAAAAI/AAAAAAAAAAA/xjeUmVr09WY/s44-p-k-no-ns-nd/photo.jpg,-96.38783959999999,,Massage Rockwall - Debbie Gillespie LMT,Massage Rockwall Debbie Gillespie Lmt,,,108502156557274462356,https://www.google.com/maps/contrib/108502156557274462356,Massage Rockwall - Debbie Gillespie LMT,+1 214-223-4327,,mobile,https://lh3.googleusercontent.com/p/AF1QipOgPAQo2V4XwmAEsQHQH7XXt_Ouw-y3pbHYANvZ=w800-h500-k-no,30,ChIJ28m2aG-qToYROFN7J7RIPe0,,,75189,,,"Massage therapist near Royse City, TX",,4.9,,,,,,,Texas,TX,1170 N King Rd,,"Sports massage therapist, Massage therapist",America/Chicago,Sports massage therapist,,True,http://www.massagerockwall.com/,{'Thursday': ['9AM-5PM']},"Thursday,9AM,5PM"
"{'Accessibility': {'Wheelchair accessible entrance': True, 'Wheelchair accessible parking lot': True, 'Wheelchair accessible restroom': True}, 'Other': {'Identifies as Latino-owned': True, 'Identifies as women-owned': True, 'LGBTQ+ friendly': True}}","6531 Horizon Rd Suite C, Rockwall, TX 75032",False,,OPERATIONAL,,12551666683339874020,Rockwall,955 West Ralph Hall Parkway,Rockwall,United States,"Welcome to our humble and relaxing place called Petrissage Massge, in Rockwall, TX. where massage therapy FEELS LIKE HOME! Visit our website and schedule your session today!",,,,,False,"Welcome to our humble and relaxing place called Petrissage Massge, in Rockwall, TX. where massage therapy FEELS LIKE HOME! Visit our website and schedule your session today!",,Petrissage Massage,+1 214-908-5618,"NEW CINGULAR WIRELESS PCS, LLC - IL",mobile,,TX,America/Chicago,,HPCenov,75032,United States of America,US,,,0x864eab034b60b457:0xae307a58cf941ee4,8926c82ecc3ffff,/g/11cjtbq805,32.8674175,,,"https://www.google.com/maps/place/Petrissage+Massage/@32.8674175,-96.44208169999999,14z/data=!4m8!1m2!2m1!1sPetrissage+Massage!3m4!1s0x864eab034b60b457:0xae307a58cf941ee4!8m2!3d32.8674175!4d-96.44208169999999","https://www.google.com/maps/place/Petrissage+Massage/@32.8674175,-96.44208169999999,13.99z/data=!4m16!1m7!3m6!1s0x864eab034b60b457:0xae307a58cf941ee4!2sPetrissage+Massage!8m2!3d32.8674175!4d-96.44208169999999!16s%2Fg%2F11ckvg1dmb!3m7!1s0x864eab034b60b457:0xae307a58cf941ee4!8m2!3d32.8674175!4d-96.44208169999999!9m1!1b1!16s%2Fg%2F11ckvg1dmb?entry=ttu",https://lh6.googleusercontent.com/-2_C6s8HEfUM/AAAAAAAAAAI/AAAAAAAAAAA/dxd7AGpGkLs/s44-p-k-no-ns-nd/photo.jpg,-96.44208169999999,,Petrissage Massage,Petrissage Massage,,,118077156844255576315,https://www.google.com/maps/contrib/118077156844255576315,Petrissage Massage,+1 214-908-5618,"NEW CINGULAR WIRELESS PCS, LLC - IL",mobile,https://lh3.googleusercontent.com/p/AF1QipPBf8BJpaFx4rZIkRx6PQuyJ0bTMkc4_SoDRyXT=w800-h500-k-no,180,ChIJV7RgSwOrToYR5B6Uz1h6MK4,,,75032,,,"Massage therapist near Royse City, TX",,5.0,,,,,,,Texas,TX,6531 Horizon Rd Suite C,,"Massage therapist, Massage spa, Pain control clinic, Sports massage therapist, Wellness center",America/Chicago,Massage therapist,,True,http://petrissagemassage.com/,{'Thursday': ['9AM-6PM']},"Thursday,9AM,6PM"
"{'Accessibility': {'Wheelchair accessible entrance': True, 'Wheelchair accessible parking lot': True, 'Wheelchair accessible restroom': True, 'Wheelchair accessible seating': True}, 'Other': {'Identifies as women-owned': True}}","925 N Goliad St, Rockwall, TX 75087",False,,OPERATIONAL,,12287176000586501810,Rockwall,,,,,,,,,,,,rockwallbodyandsoul.com,,,,,,,,,,United States of America,US,,,0x864c01c8d8bb5b57:0xaa84d178e7a9ceb2,8926c820ab3ffff,/g/1ygvsvdf2,32.9393066,,,"https://www.google.com/maps/place/Rockwall+Body+and+Soul+Massage/@32.9393066,-96.4603626,14z/data=!4m8!1m2!2m1!1sRockwall+Body+and+Soul+Massage!3m4!1s0x864c01c8d8bb5b57:0xaa84d178e7a9ceb2!8m2!3d32.9393066!4d-96.4603626","https://www.google.com/maps/place/Rockwall+Body+and+Soul+Massage/@32.9393066,-96.4603626,13.99z/data=!4m16!1m7!3m6!1s0x864c01c8d8bb5b57:0xaa84d178e7a9ceb2!2sRockwall+Body+and+Soul+Massage!8m2!3d32.9393066!4d-96.4603626!16s%2Fg%2F11ckvg1dmb!3m7!1s0x864c01c8d8bb5b57:0xaa84d178e7a9ceb2!8m2!3d32.9393066!4d-96.4603626!9m1!1b1!16s%2Fg%2F11ckvg1dmb?entry=ttu",https://lh4.googleusercontent.com/-7SnhCADUm_Y/AAAAAAAAAAI/AAAAAAAAAAA/GFCFaNCFVXA/s44-p-k-no-ns-nd/photo.jpg,-96.4603626,,Rockwall Body and Soul Massage,Rockwall Body And Soul Massage,,,106516360595802893320,https://www.google.com/maps/contrib/106516360595802893320,Rockwall Body and Soul Massage,+1 469-688-6580,"T-MOBILE USA, INC.",mobile,https://lh3.googleusercontent.com/p/AF1QipOikY3y2CyeLMy4lKyZu4PyWgUlf08oGzhJS6km=w800-h500-k-no,591,ChIJV1u72MgBTIYRss6p53jRhKo,,,75087,,,"Massage therapist near Royse City, TX",,5.0,,,,,,,Texas,TX,925 N Goliad St,,"Massage therapist, Health spa, Massage spa",America/Chicago,Massage therapist,,True,https://www.rockwallbodyandsoul.com/,{'Thursday': ['Closed']},
"{'Accessibility': {'Wheelchair accessible entrance': True, 'Wheelchair accessible parking lot': True, 'Wheelchair accessible restroom': True}}","1149 Ridge Rd, Rockwall, TX 75087",False,,OPERATIONAL,,7567612365879080929,Rockwall,,,,,,,,,,,,,,,,,,,,,,United States of America,US,,,0x864c01002de13653:0x69058f5a121377e1,8926c820b4fffff,/g/11w8sv5_w4,32.9164822,,,"https://www.google.com/maps/place/Healing+Touch+Massage+%26+Spa/@32.9164822,-96.459683,14z/data=!4m8!1m2!2m1!1sHealing+Touch+Massage+%26+Spa!3m4!1s0x864c01002de13653:0x69058f5a121377e1!8m2!3d32.9164822!4d-96.459683","https://www.google.com/maps/place/Healing+Touch+Massage+%26+Spa/@32.9164822,-96.459683,13.99z/data=!4m16!1m7!3m6!1s0x864c01002de13653:0x69058f5a121377e1!2sHealing+Touch+Massage+%26+Spa!8m2!3d32.9164822!4d-96.459683!16s%2Fg%2F11ckvg1dmb!3m7!1s0x864c01002de13653:0x69058f5a121377e1!8m2!3d32.9164822!4d-96.459683!9m1!1b1!16s%2Fg%2F11ckvg1dmb?entry=ttu",https://lh5.googleusercontent.com/-BanRdvzBbs8/AAAAAAAAAAI/AAAAAAAAAAA/imB0vnKzwRM/s44-p-k-no-ns-nd/photo.jpg,-96.459683,,Healing Touch Massage & Spa,Healing Touch Massage And Spa,,,116485811259426832112,https://www.google.com/maps/contrib/116485811259426832112,Healing Touch Massage & Spa,+1 972-975-5696,,landline,https://lh3.googleusercontent.com/p/AF1QipPFjSrlQ6cowJCSLBxobYX52FKLknf35L46X2HD=w800-h500-k-no,45,ChIJUzbhLQABTIYR4XcTElqPBWk,,,75087,,,"Massage therapist near Royse City, TX",,4.9,,,,,,,Texas,TX,1149 Ridge Rd,,"Massage therapist, Aromatherapy service, Foot massage parlor, Health spa, Massage spa, Sauna, Spa and health club, Thai massage therapist",America/Chicago,Massage therapist,,True,https://topusadetails.com/details/healing-touch-massage-spa-ChIJUzb,{'Thursday': ['9AM-10PM']},"Thursday,9AM,10PM"
"{'Accessibility': {'Wheelchair accessible entrance': True, 'Wheelchair accessible parking lot': True, 'Wheelchair accessible restroom': True}}","594 West St #30, Royse City, TX 75189",False,,OPERATIONAL,,3670867024926904115,Royse City,,,,,,,,,,,,Bswphysicaltherapy,,,,,,,,,,United States of America,US,,,0x864bff9db2be726b:0x32f18a1c2e768f33,8926c835383ffff,/g/11f6mpynk5,33.0361745,,,"https://www.google.com/maps/place/Baylor+Scott+%26+White+Outpatient+Therapy+-+Royse+City/@33.0361745,-96.3774983,14z/data=!4m8!1m2!2m1!1sBaylor+Scott+%26+White+Outpatient+Therapy+-+Royse+City!3m4!1s0x864bff9db2be726b:0x32f18a1c2e768f33!8m2!3d33.0361745!4d-96.3774983","https://www.google.com/maps/place/Baylor+Scott+%26+White+Outpatient+Therapy+-+Royse+City/@33.0361745,-96.3774983,13.99z/data=!4m16!1m7!3m6!1s0x864bff9db2be726b:0x32f18a1c2e768f33!2sBaylor+Scott+%26+White+Outpatient+Therapy+-+Royse+City!8m2!3d33.0361745!4d-96.3774983!16s%2Fg%2F11ckvg1dmb!3m7!1s0x864bff9db2be726b:0x32f18a1c2e768f33!8m2!3d33.0361745!4d-96.3774983!9m1!1b1!16s%2Fg%2F11ckvg1dmb?entry=ttu",https://lh4.googleusercontent.com/-7X0SDC7H-h0/AAAAAAAAAAI/AAAAAAAAAAA/jgDRbf1kTYo/s44-p-k-no-ns-nd/photo.jpg,-96.3774983,,Baylor Scott & White Outpatient Therapy - Royse City,Baylor Scott And White Outpatient Therapy Royse City,,,106709297508692003341,https://www.google.com/maps/contrib/106709297508692003341,Baylor Scott & White Outpatient Therapy - Royse City,+1 972-635-2401,"LEVEL 3 COMMUNICATIONS, LLC - ",fixed line,https://lh3.googleusercontent.com/p/AF1QipPbYiMc6S8o8QYmGZ4RrV1a7cYpOG-64JyEz6fg=w800-h500-k-no,14,ChIJa3K-sp3_S4YRM492LhyK8TI,,,75189,,,"Massage therapist near Royse City, TX",,5.0,,,,,,,Texas,TX,594 West St #30,,"Physical therapy clinic, Medical clinic, Orthopedic surgeon, Pain management physician, Sports medicine clinic, Wellness center",America/Chicago,Physical therapy clinic,,True,https://www.bswphysicaltherapy.com/contact/find-a-location/tx/royse-city/royse-city/%3Fty%3Dxt,{'Thursday': ['7AM-7PM']},"Thursday,7AM,7PM"
{'Accessibility': {'Wheelchair accessible parking lot': True}},"224 E Main St, Royse City, TX 75189",False,,OPERATIONAL,,15919580731701096893,Royse City,,,,,,,,,,,,,,,,,,,,,,United States of America,US,,,0x864bfe9ad90e5fbb:0xdcedb654763271bd,8926c835bb7ffff,/g/1v1tngwz,32.975787499999996,,,"https://www.google.com/maps/place/Tammie+S.+White%2C+RMT/@32.975787499999996,-96.3307701,14z/data=!4m8!1m2!2m1!1sTammie+S.+White%2C+RMT!3m4!1s0x864bfe9ad90e5fbb:0xdcedb654763271bd!8m2!3d32.975787499999996!4d-96.3307701","https://www.google.com/maps/place/Tammie+S.+White%2C+RMT/@32.975787499999996,-96.3307701,13.99z/data=!4m16!1m7!3m6!1s0x864bfe9ad90e5fbb:0xdcedb654763271bd!2sTammie+S.+White%2C+RMT!8m2!3d32.975787499999996!4d-96.3307701!16s%2Fg%2F11ckvg1dmb!3m7!1s0x864bfe9ad90e5fbb:0xdcedb654763271bd!8m2!3d32.975787499999996!4d-96.3307701!9m1!1b1!16s%2Fg%2F11ckvg1dmb?entry=ttu",,-96.3307701,,"Tammie S. White, RMT",Tammie S White Rmt,,,,,"Tammie S. White, RMT",+1 972-979-6349,"NEW CINGULAR WIRELESS PCS, LLC - IL",mobile,https://streetviewpixels-pa.googleapis.com/v1/thumbnail?panoid=oTCrHa0WM_Wx7J0XU-MKLQ&cb_client=search.gws-prod.gps&w=800&h=500&yaw=332.32675&pitch=0&thumbfov=100,1,ChIJu18O2Zr-S4YRvXEydlS27dw,,,75189,,,"Massage therapist near Royse City, TX",,,,,,,,,Texas,TX,224 E Main St,https://streetviewpixels-pa.googleapis.com/v1/thumbnail?panoid=oTCrHa0WM_Wx7J0XU-MKLQ&cb_client=search.gws-prod.gps&w=1600&h=1000&yaw=332.32675&pitch=0&thumbfov=100,Massage therapist,America/Chicago,Massage therapist,,False,,,
"{'Accessibility': {'Wheelchair accessible entrance': True, 'Wheelchair accessible parking lot': True, 'Wheelchair accessible restroom': True}}","208 E Moore Ave, Terrell, TX 75160",False,,OPERATIONAL,,2420822231904624468,Terrell,1455 Market Street,San Francisco,United States,"Square is a merchant services company that simplifies commerce through technology, offering tools like Square Capital and Square Terminal to help businesses start, run, and grow efficiently.",10000.0,https://facebook.com/square,2009.0,FINANCIAL_SERVICES,True,"Square is a merchant services company that simplifies commerce through technology, offering tools like Square Capital and Square Terminal to help businesses start, run, and grow efficiently.",https://www.linkedin.com/company/joinsquare,Square,+1 855-700-6000,,toll_free,,CA,America/Los_Angeles,,Square,94103,United States of America,US,,,0x86494fdf240a3b07:0x21987cfe6d0b1f54,8926c95ad4fffff,/g/11vq1l__81,32.7359457,,,"https://www.google.com/maps/place/Simply+Massage+Unlimited+LLC./@32.7359457,-96.2758733,14z/data=!4m8!1m2!2m1!1sSimply+Massage+Unlimited+LLC.!3m4!1s0x86494fdf240a3b07:0x21987cfe6d0b1f54!8m2!3d32.7359457!4d-96.2758733","https://www.google.com/maps/place/Simply+Massage+Unlimited+LLC./@32.7359457,-96.2758733,13.99z/data=!4m16!1m7!3m6!1s0x86494fdf240a3b07:0x21987cfe6d0b1f54!2sSimply+Massage+Unlimited+LLC.!8m2!3d32.7359457!4d-96.2758733!16s%2Fg%2F11ckvg1dmb!3m7!1s0x86494fdf240a3b07:0x21987cfe6d0b1f54!8m2!3d32.7359457!4d-96.2758733!9m1!1b1!16s%2Fg%2F11ckvg1dmb?entry=ttu",https://lh6.googleusercontent.com/-zqthGqd1ds8/AAAAAAAAAAI/AAAAAAAAAAA/FiN88Pse2zI/s44-p-k-no-ns-nd/photo.jpg,-96.2758733,,Simply Massage Unlimited LLC.,Simply Massage Unlimited,,,101331682074760501164,https://www.google.com/maps/contrib/101331682074760501164,Simply Massage Unlimited LLC.,+1 469-970-6397,"T-MOBILE USA, INC.",mobile,https://lh3.googleusercontent.com/p/AF1QipPmEgAAoyiLA3H7nkEimBpzaDFaCYOgN5z3W-pP=w800-h500-k-no,18,ChIJBzsKJN9PSYYRVB8Lbf58mCE,,,75160,,,"Massage therapist near Terrell, TX",,4.8,,,,,,,Texas,TX,208 E Moore Ave,,Massage spa,America/Chicago,Massage spa,,True,http://simplymassageunlimitedllc.square.site/,{'Thursday': ['10AM-7PM']},"Thursday,10AM,7PM"
{'Accessibility': {'Wheelchair accessible parking lot': True}},"1409 W Moore Ave, Terrell, TX 75160",False,,OPERATIONAL,,15254858870483093341,Terrell,,,,,,,,,,,,,,,,,,,,,,United States of America,US,,,0x86494f12ddd6b023:0xd3b42551a9dc875d,8926c95a8cbffff,/g/11l6l_5mq9,32.73741,,,"https://www.google.com/maps/place/Healing+bodies+%26+souls+massage/@32.73741,-96.29837429999999,14z/data=!4m8!1m2!2m1!1sHealing+bodies+%26+souls+massage!3m4!1s0x86494f12ddd6b023:0xd3b42551a9dc875d!8m2!3d32.73741!4d-96.29837429999999","https://www.google.com/maps/place/Healing+bodies+%26+souls+massage/@32.73741,-96.29837429999999,13.99z/data=!4m16!1m7!3m6!1s0x86494f12ddd6b023:0xd3b42551a9dc875d!2sHealing+bodies+%26+souls+massage!8m2!3d32.73741!4d-96.29837429999999!16s%2Fg%2F11ckvg1dmb!3m7!1s0x86494f12ddd6b023:0xd3b42551a9dc875d!8m2!3d32.73741!4d-96.29837429999999!9m1!1b1!16s%2Fg%2F11ckvg1dmb?entry=ttu",https://lh5.googleusercontent.com/-Ff7MSDD2mWw/AAAAAAAAAAI/AAAAAAAAAAA/KaowVOyDWG8/s44-p-k-no-ns-nd/photo.jpg,-96.29837429999999,,Healing bodies & souls massage,Healing Bodies And Souls Massage,,,100550949502523725884,https://www.google.com/maps/contrib/100550949502523725884,Healing bodies & souls massage,,,,https://streetviewpixels-pa.googleapis.com/v1/thumbnail?panoid=iaCav_iiXkHzlv3Qo9-QJA&cb_client=search.gws-prod.gps&w=800&h=500&yaw=168.21317&pitch=0&thumbfov=100,7,ChIJI7DW3RJPSYYRXYfcqVEltNM,,,75160,,,"Massage therapist near Terrell, TX",,5.0,,,,,,,Texas,TX,1409 W Moore Ave,https://streetviewpixels-pa.googleapis.com/v1/thumbnail?panoid=iaCav_iiXkHzlv3Qo9-QJA&cb_client=search.gws-prod.gps&w=1600&h=1000&yaw=168.21317&pitch=0&thumbfov=100,Massage therapist,America/Chicago,Massage therapist,,True,,{'Thursday': ['Closed']},
"{'Accessibility': {'Wheelchair accessible parking lot': True}, 'Other': {'LGBTQ+ friendly': True}}","311 9th St, Terrell, TX 75160",False,,OPERATIONAL,,10166754371777967073,Terrell,,,,,,,,,,,,,,,,,,,,,,United States of America,US,,,0x4666fd1a45dbe163:0x8d17913c4079b3e1,8926c95ac6fffff,/g/11xmhczbl3,32.7451655,,,"https://www.google.com/maps/place/Angela%27s+Alchemy/@32.7451655,-96.2898659,14z/data=!4m8!1m2!2m1!1sAngela%27s+Alchemy!3m4!1s0x4666fd1a45dbe163:0x8d17913c4079b3e1!8m2!3d32.7451655!4d-96.2898659","https://www.google.com/maps/place/Angela%27s+Alchemy/@32.7451655,-96.2898659,13.99z/data=!4m16!1m7!3m6!1s0x4666fd1a45dbe163:0x8d17913c4079b3e1!2sAngela%27s+Alchemy!8m2!3d32.7451655!4d-96.2898659!16s%2Fg%2F11ckvg1dmb!3m7!1s0x4666fd1a45dbe163:0x8d17913c4079b3e1!8m2!3d32.7451655!4d-96.2898659!9m1!1b1!16s%2Fg%2F11ckvg1dmb?entry=ttu",https://lh6.googleusercontent.com/-oghi_RJ4r8E/AAAAAAAAAAI/AAAAAAAAAAA/1iZhyO1TE0s/s44-p-k-no-ns-nd/photo.jpg,-96.2898659,,Angela's Alchemy,Angelas Alchemy,,,102475219019773080947,https://www.google.com/maps/contrib/102475219019773080947,Angela's Alchemy,+1 903-603-4656,"NEW CINGULAR WIRELESS PCS, LLC - IL",mobile,https://lh3.googleusercontent.com/gps-cs-s/AHVAweqX4023UIcKTJURi1CwFEnnJqYomAqKKFhamPCdkVb3ErS3uAjBBl-oyUFpj3gwEqQpcYCYANiWNAfR7Qd17HrRyiS1Xh-hy2qV4eBGycahL8sJfu_6QK6PM2n6jnuYqUi5joR46gnQqM1R=w800-h500-k-no,4,ChIJY-HbRRr9ZkYR4bN5QDyRF40,,,75160,,,"Massage therapist near Terrell, TX",,5.0,,,,,,,Texas,TX,311 9th St,https://streetviewpixels-pa.googleapis.com/v1/thumbnail?panoid=WsCgL3h1leOinFiEzlIRnQ&cb_client=search.gws-prod.gps&w=1600&h=1000&yaw=312.11374&pitch=0&thumbfov=100,"Massage therapist, Lymph drainage therapist, Massage spa, Wellness center",America/Chicago,Massage therapist,,True,http://angelasalchemy.glossgenius.com/,{'Thursday': ['9AM-7:30PM']},"Thursday,9AM,7:30PM"
"{'Accessibility': {'Wheelchair accessible entrance': True, 'Wheelchair accessible parking lot': True}}","13232 Co Rd 352, Terrell, TX 75161",False,,OPERATIONAL,,6644901503366514181,Terrell,,,,,,,,,,,,,,,,,,,,,,United States of America,US,,"Therapeutic massage, including deep-tissue & trigger-point, is the focus at this serene studio.",0x864e9922283ebe4b:0x5c376eb60b9ec605,8926c9508dbffff,/g/11g81cyjkx,32.744624,,,"https://www.google.com/maps/place/Inspired+Hands+Healing+Massage/@32.744624,-96.154033,14z/data=!4m8!1m2!2m1!1sInspired+Hands+Healing+Massage!3m4!1s0x864e9922283ebe4b:0x5c376eb60b9ec605!8m2!3d32.744624!4d-96.154033","https://www.google.com/maps/place/Inspired+Hands+Healing+Massage/@32.744624,-96.154033,13.99z/data=!4m16!1m7!3m6!1s0x864e9922283ebe4b:0x5c376eb60b9ec605!2sInspired+Hands+Healing+Massage!8m2!3d32.744624!4d-96.154033!16s%2Fg%2F11ckvg1dmb!3m7!1s0x864e9922283ebe4b:0x5c376eb60b9ec605!8m2!3d32.744624!4d-96.154033!9m1!1b1!16s%2Fg%2F11ckvg1dmb?entry=ttu",https://lh3.googleusercontent.com/-xSWwONhmsWQ/AAAAAAAAAAI/AAAAAAAAAAA/6fw_TWGR2dQ/s44-p-k-no-ns-nd/photo.jpg,-96.154033,,Inspired Hands Healing Massage,Inspired Hands Healing Massage,,,105130288036688911340,https://www.google.com/maps/contrib/105130288036688911340,Inspired Hands Healing Massage,+1 214-886-9077,"NEW CINGULAR WIRELESS PCS, LLC - IL",mobile,https://streetviewpixels-pa.googleapis.com/v1/thumbnail?panoid=QiwTFzySrJ3UCnSfPVzupw&cb_client=search.gws-prod.gps&w=800&h=500&yaw=133.80344&pitch=0&thumbfov=100,2,ChIJS74-KCKZToYRBcaeC7ZuN1w,,,75161,,,"Massage therapist near Terrell, TX",,4.0,,,,,,,Texas,TX,13232 Co Rd 352,https://streetviewpixels-pa.googleapis.com/v1/thumbnail?panoid=QiwTFzySrJ3UCnSfPVzupw&cb_client=search.gws-prod.gps&w=1600&h=1000&yaw=133.80344&pitch=0&thumbfov=100,Massage therapist,America/Chicago,Massage therapist,,True,http://facebook.com/inspiredhands,{'Thursday': ['8AM-10PM']},"Thursday,8AM,10PM"
"{'Accessibility': {'Wheelchair accessible entrance': True, 'Wheelchair accessible parking lot': True, 'Wheelchair accessible restroom': True}, 'Other': {'Identifies as Latino-owned': True, 'Identifies as women-owned': True}}","203 S Bois D'Arc St, Forney, TX 75126",False,,OPERATIONAL,,12764175392866747260,Forney,,,,,,,,,,,,,,,,,,,,,,United States of America,US,,,0x864ead9c0aee72a5:0xb12375e46e9ac37c,8926c82cb2fffff,/g/11bwp5sf2y,32.7476536,,,"https://www.google.com/maps/place/Texas+Massage+and+Spa/@32.7476536,-96.4720059,14z/data=!4m8!1m2!2m1!1sTexas+Massage+and+Spa!3m4!1s0x864ead9c0aee72a5:0xb12375e46e9ac37c!8m2!3d32.7476536!4d-96.4720059","https://www.google.com/maps/place/Texas+Massage+and+Spa/@32.7476536,-96.4720059,13.99z/data=!4m16!1m7!3m6!1s0x864ead9c0aee72a5:0xb12375e46e9ac37c!2sTexas+Massage+and+Spa!8m2!3d32.7476536!4d-96.4720059!16s%2Fg%2F11ckvg1dmb!3m7!1s0x864ead9c0aee72a5:0xb12375e46e9ac37c!8m2!3d32.7476536!4d-96.4720059!9m1!1b1!16s%2Fg%2F11ckvg1dmb?entry=ttu",https://lh4.googleusercontent.com/-5jo_zAKd1ts/AAAAAAAAAAI/AAAAAAAAAAA/Lgq3lNHuliE/s44-p-k-no-ns-nd/photo.jpg,-96.4720059,,Texas Massage and Spa,Texas Massage And Spa,,,111115989488956539421,https://www.google.com/maps/contrib/111115989488956539421,Texas Massage and Spa,+1 469-642-9686,"NEW CINGULAR WIRELESS PCS, LLC",mobile,https://lh3.googleusercontent.com/p/AF1QipM2vCFjmYVEIAYs0cmd3Uejap330vcRHtgPolQO=w800-h500-k-no,61,ChIJpXLuCpytToYRfMOabuR1I7E,,,75126,,,"Massage therapist near Terrell, TX",,4.8,,,,,,,Texas,TX,203 S Bois D'Arc St,,"Massage therapist, Facial spa, Massage spa, Wellness center",America/Chicago,Massage therapist,,True,,{'Thursday': ['10AM-8PM']},"Thursday,10AM,8PM"
"{'Accessibility': {'Wheelchair accessible entrance': True, 'Wheelchair accessible parking lot': True}, 'Other': {'Identifies as Latino-owned': True, 'Identifies as women-owned': True}}","306 E Wheeler St, Terrell, TX 75160",False,,OPERATIONAL,,2395445312926870519,Terrell,1455 Market Street,San Francisco,United States,"Square is a merchant services aggregator and mobile payment company that aims to simplify commerce through technology. They provide a range of products and services to help businesses start, run, and grow. This includes hardware and software tools such...",10000.0,https://facebook.com/square,2009.0,,True,"Square is a merchant services aggregator and mobile payment company that aims to simplify commerce through technology. They provide a range of products and services to help businesses start, run, and grow. This includes hardware and software tools such...",https://www.linkedin.com/company/joinsquare,Square,+1 415-375-3176,,landline,1000000000.0,CA,America/Los_Angeles,,Square,47906,United States of America,US,,,0x86496985c6da217d:0x213e54d20be16bf7,8926c95a8a7ffff,/g/11q99mxrps,32.7287479,,,"https://www.google.com/maps/place/Vanidosa+by+Jenni+Body+%26+Wellness+Spa+LLC/@32.7287479,-96.2756696,14z/data=!4m8!1m2!2m1!1sVanidosa+by+Jenni+Body+%26+Wellness+Spa+LLC!3m4!1s0x86496985c6da217d:0x213e54d20be16bf7!8m2!3d32.7287479!4d-96.2756696","https://www.google.com/maps/place/Vanidosa+by+Jenni+Body+%26+Wellness+Spa+LLC/@32.7287479,-96.2756696,13.99z/data=!4m16!1m7!3m6!1s0x86496985c6da217d:0x213e54d20be16bf7!2sVanidosa+by+Jenni+Body+%26+Wellness+Spa+LLC!8m2!3d32.7287479!4d-96.2756696!16s%2Fg%2F11ckvg1dmb!3m7!1s0x86496985c6da217d:0x213e54d20be16bf7!8m2!3d32.7287479!4d-96.2756696!9m1!1b1!16s%2Fg%2F11ckvg1dmb?entry=ttu",https://lh3.googleusercontent.com/-7cv5f24B8NY/AAAAAAAAAAI/AAAAAAAAAAA/9KkQCnYBvZs/s44-p-k-no-ns-nd/photo.jpg,-96.2756696,,Vanidosa by Jenni Body & Wellness Spa LLC,Vanidosa By Jenni Body And Wellness Spa,,,102356780853327274953,https://www.google.com/maps/contrib/102356780853327274953,Vanidosa by Jenni Body & Wellness Spa LLC,+1 214-225-0105,,landline,https://streetviewpixels-pa.googleapis.com/v1/thumbnail?panoid=vCbZJorzliJj3R_H3FEcPQ&cb_client=search.gws-prod.gps&w=800&h=500&yaw=191.63564&pitch=0&thumbfov=100,2,ChIJfSHaxoVpSYYR92vhC9JUPiE,,,75160,,,"Massage therapist near Terrell, TX",,5.0,,,,,,,Texas,TX,306 E Wheeler St,https://streetviewpixels-pa.googleapis.com/v1/thumbnail?panoid=vCbZJorzliJj3R_H3FEcPQ&cb_client=search.gws-prod.gps&w=1600&h=1000&yaw=191.63564&pitch=0&thumbfov=100,Spa,America/Chicago,Spa,,True,http://vanidosa-by-jenni.square.site/,{'Thursday': ['9AM-5PM']},"Thursday,9AM,5PM"
"{'Accessibility': {'Wheelchair accessible entrance': True, 'Wheelchair accessible parking lot': True}}","126 E US Hwy 80 #110, Forney, TX 75126",False,,OPERATIONAL,,1584555657577635202,Forney,,,,,,,,,,,,,,,,,,,,,,United States of America,US,,,0x864ead97c7283cd1:0x15fd78f9a8c01d82,8926c9596c3ffff,/g/11f3jxpfwf,32.7535776,,,"https://www.google.com/maps/place/Comfort+Massage/@32.7535776,-96.46270059999999,14z/data=!4m8!1m2!2m1!1sComfort+Massage!3m4!1s0x864ead97c7283cd1:0x15fd78f9a8c01d82!8m2!3d32.7535776!4d-96.46270059999999","https://www.google.com/maps/place/Comfort+Massage/@32.7535776,-96.46270059999999,13.99z/data=!4m16!1m7!3m6!1s0x864ead97c7283cd1:0x15fd78f9a8c01d82!2sComfort+Massage!8m2!3d32.7535776!4d-96.46270059999999!16s%2Fg%2F11ckvg1dmb!3m7!1s0x864ead97c7283cd1:0x15fd78f9a8c01d82!8m2!3d32.7535776!4d-96.46270059999999!9m1!1b1!16s%2Fg%2F11ckvg1dmb?entry=ttu",https://lh5.googleusercontent.com/-DrYmrTyijEY/AAAAAAAAAAI/AAAAAAAAAAA/tTlcH9uQrXQ/s44-p-k-no-ns-nd/photo.jpg,-96.46270059999999,,Comfort Massage,Comfort Massage,,,114293736776704040382,https://www.google.com/maps/contrib/114293736776704040382,Comfort Massage,+1 518-345-3888,"OMNIPOINT COMMUNICATIONS, INC.",mobile,https://lh3.googleusercontent.com/p/AF1QipOw1DzXlW7D7IMtDcq3yKSfoU-qo2LuPpEV7hTP=w800-h500-k-no,42,ChIJ0Twox5etToYRgh3AqPl4_RU,,,75126,,,"Massage therapist near Terrell, TX",,4.9,,,,,,,Texas,TX,126 E US Hwy 80 #110,,Massage therapist,America/Chicago,Massage therapist,,True,,{'Thursday': ['9:30AM-7PM']},"Thursday,9:30AM,7PM"
"{'Accessibility': {'Wheelchair accessible entrance': True, 'Wheelchair accessible parking lot': True, 'Wheelchair accessible restroom': True, 'Wheelchair accessible seating': True}, 'Other': {'Identifies as LGBTQ+ owned': True, 'Identifies as women-owned': True, 'LGBTQ+ friendly': True}}","522 Pinson Rd, Forney, TX 75126",False,,OPERATIONAL,,4343238052671545398,Forney,,,,,,,,,,,,,,,,,,,,,,United States of America,US,,,0x864ead73949afb35:0x3c4647ff58726036,8926c82cb37ffff,/g/11y7k3mgb4,32.7540105,,,"https://www.google.com/maps/place/Touch+Massage+Therapy/@32.7540105,-96.4692639,14z/data=!4m8!1m2!2m1!1sTouch+Massage+Therapy!3m4!1s0x864ead73949afb35:0x3c4647ff58726036!8m2!3d32.7540105!4d-96.4692639","https://www.google.com/maps/place/Touch+Massage+Therapy/@32.7540105,-96.4692639,13.99z/data=!4m16!1m7!3m6!1s0x864ead73949afb35:0x3c4647ff58726036!2sTouch+Massage+Therapy!8m2!3d32.7540105!4d-96.4692639!16s%2Fg%2F11ckvg1dmb!3m7!1s0x864ead73949afb35:0x3c4647ff58726036!8m2!3d32.7540105!4d-96.4692639!9m1!1b1!16s%2Fg%2F11ckvg1dmb?entry=ttu",https://lh3.googleusercontent.com/-A7o-t7ai9G0/AAAAAAAAAAI/AAAAAAAAAAA/v2F7oVe8aOY/s44-p-k-no-ns-nd/photo.jpg,-96.4692639,,Touch Massage Therapy,Touch Massage Therapy,,,116163666489798928681,https://www.google.com/maps/contrib/116163666489798928681,Touch Massage Therapy,+1 469-520-0012,CELLCO PARTNERSHIP DBA VERIZON WIRELESS - TX,mobile,https://lh3.googleusercontent.com/p/AF1QipOIV33CgNnobUp_KplIOcmKoZHvl8enWz2LvsiC=w800-h500-k-no,13,ChIJNfualHOtToYRNmByWP9HRjw,,,75126,,,"Massage therapist near Terrell, TX",,5.0,,,,,,,Texas,TX,522 Pinson Rd,,Massage therapist,America/Chicago,Massage therapist,,True,http://touch-massagetherapy.com/,{'Thursday': ['9AM-8PM']},"Thursday,9AM,8PM"
"{'Accessibility': {'Wheelchair accessible parking lot': True}, 'Other': {'Identifies as women-owned': True}}","504 N Rockwall Ave, Terrell, TX 75160",False,,OPERATIONAL,,10066564498927847986,Terrell,,,,,,,,,,,,,,,,,,,,,,United States of America,US,,,0x864e99e3d6dc6efb:0x8bb39f13ab270a32,8926c95ad5bffff,/g/11lp7xb7sx,32.7417641,,,"https://www.google.com/maps/place/Sweet+Melissa+Premier+Prenatal+Massage/@32.7417641,-96.2795814,14z/data=!4m8!1m2!2m1!1sSweet+Melissa+Premier+Prenatal+Massage!3m4!1s0x864e99e3d6dc6efb:0x8bb39f13ab270a32!8m2!3d32.7417641!4d-96.2795814","https://www.google.com/maps/place/Sweet+Melissa+Premier+Prenatal+Massage/@32.7417641,-96.2795814,13.99z/data=!4m16!1m7!3m6!1s0x864e99e3d6dc6efb:0x8bb39f13ab270a32!2sSweet+Melissa+Premier+Prenatal+Massage!8m2!3d32.7417641!4d-96.2795814!16s%2Fg%2F11ckvg1dmb!3m7!1s0x864e99e3d6dc6efb:0x8bb39f13ab270a32!8m2!3d32.7417641!4d-96.2795814!9m1!1b1!16s%2Fg%2F11ckvg1dmb?entry=ttu",https://lh3.googleusercontent.com/-I17X7HWLfyI/AAAAAAAAAAI/AAAAAAAAAAA/5SSRmn1zwC4/s44-p-k-no-ns-nd/photo.jpg,-96.2795814,,Sweet Melissa Premier Prenatal Massage,Sweet Melissa Premier Prenatal Massage,,,115817220848720498214,https://www.google.com/maps/contrib/115817220848720498214,Sweet Melissa Premier Prenatal Massage,+1 469-720-0053,Bandwidth.com,landline,https://lh3.googleusercontent.com/p/AF1QipMpzn5MjD2NXMSuDAzkFCVkLRUMs27rUItlVVwv=w800-h500-k-no,37,ChIJ-27c1uOZToYRMgonqxOfs4s,,,75160,,,"Massage therapist near Terrell, TX",,5.0,,,,,,,Texas,TX,504 N Rockwall Ave,,Massage therapist,America/Chicago,Massage therapist,,True,http://www.sweetmelissamassage.com/,{'Thursday': ['9:30AM-7:30PM']},"Thursday,9:30AM,7:30PM"
{},"101 Sage St, Terrell, TX 75160",False,,CLOSED_TEMPORARILY,,11373970579385924952,Terrell,,,,,,,,,,,,,,,,,,,,,,United States of America,US,,,0x86494f9574bf7477:0x9dd875fae60abd58,8926c95a88bffff,/g/11mcz98sfx,32.7383703,,,"https://www.google.com/maps/place/Massage+Spa/@32.7383703,-96.28732989999999,14z/data=!4m8!1m2!2m1!1sMassage+Spa!3m4!1s0x86494f9574bf7477:0x9dd875fae60abd58!8m2!3d32.7383703!4d-96.28732989999999","https://www.google.com/maps/place/Massage+Spa/@32.7383703,-96.28732989999999,13.99z/data=!4m16!1m7!3m6!1s0x86494f9574bf7477:0x9dd875fae60abd58!2sMassage+Spa!8m2!3d32.7383703!4d-96.28732989999999!16s%2Fg%2F11ckvg1dmb!3m7!1s0x86494f9574bf7477:0x9dd875fae60abd58!8m2!3d32.7383703!4d-96.28732989999999!9m1!1b1!16s%2Fg%2F11ckvg1dmb?entry=ttu",,-96.28732989999999,,Massage Spa,Massage Spa,,,,,Massage Spa,+1 469-474-8876,T-Mobile USA Inc.,mobile,https://streetviewpixels-pa.googleapis.com/v1/thumbnail?panoid=py1siYuHMzc9e1pMNHGRjA&cb_client=search.gws-prod.gps&w=800&h=500&yaw=322.18375&pitch=0&thumbfov=100,1,ChIJd3S_dJVPSYYRWL0K5vp12J0,,,75160,,,"Massage therapist near Terrell, TX",,5.0,,,,,,,Texas,TX,101 Sage St,https://streetviewpixels-pa.googleapis.com/v1/thumbnail?panoid=py1siYuHMzc9e1pMNHGRjA&cb_client=search.gws-prod.gps&w=1600&h=1000&yaw=322.18375&pitch=0&thumbfov=100,Massage spa,America/Chicago,Massage spa,,False,,,
"{'Accessibility': {'Wheelchair accessible entrance': True, 'Wheelchair accessible parking lot': True, 'Wheelchair accessible restroom': True}}","310 W Brin St, Terrell, TX 75160",False,,OPERATIONAL,,803181027707572962,Terrell,205 South Bois D Arc Street,Forney,United States,"Maverick Chiropractic is a wellness based practice located in Forney, Texas, specializing in pediatric chiropractic, prenatal chiropractic, and acupuncture. They aim to educate their patients about Chiropractic and other natural solutions to common hea...",10.0,https://facebook.com/maverickchiropractic,2016.0,HOSPITAL_HEALTH_CARE,False,"Maverick Chiropractic is a wellness based practice located in Forney, Texas, specializing in pediatric chiropractic, prenatal chiropractic, and acupuncture. They aim to educate their patients about Chiropractic and other natural solutions to common hea...",https://www.linkedin.com/company/maverick-chiropractic-pllc,Maverick Chiropractic,9725649994,"VONAGE AMERICA, LLC",voip,1000000.0,TX,America/Chicago,,,75126,United States of America,US,,,0x86494ffe4faf8071:0xb2578e3a6d7d2e2,8926c95a897ffff,/g/11h8bv3_66,32.7407586,,,"https://www.google.com/maps/place/Maverick+Chiropractic+Terrell/@32.7407586,-96.2797751,14z/data=!4m8!1m2!2m1!1sMaverick+Chiropractic+Terrell!3m4!1s0x86494ffe4faf8071:0xb2578e3a6d7d2e2!8m2!3d32.7407586!4d-96.2797751","https://www.google.com/maps/place/Maverick+Chiropractic+Terrell/@32.7407586,-96.2797751,13.99z/data=!4m16!1m7!3m6!1s0x86494ffe4faf8071:0xb2578e3a6d7d2e2!2sMaverick+Chiropractic+Terrell!8m2!3d32.7407586!4d-96.2797751!16s%2Fg%2F11ckvg1dmb!3m7!1s0x86494ffe4faf8071:0xb2578e3a6d7d2e2!8m2!3d32.7407586!4d-96.2797751!9m1!1b1!16s%2Fg%2F11ckvg1dmb?entry=ttu",https://lh4.googleusercontent.com/-ybkZcO3FlWQ/AAAAAAAAAAI/AAAAAAAAAAA/tD3t-RDHvuw/s44-p-k-no-ns-nd/photo.jpg,-96.2797751,,Maverick Chiropractic Terrell,Maverick Chiropractic Terrell,,,109267102854553727770,https://www.google.com/maps/contrib/109267102854553727770,Maverick Chiropractic Terrell,+1 972-497-2221,,voip,https://lh3.googleusercontent.com/p/AF1QipPR25R5ywVfj_9TEOY4dHY1S9TbYiYOMIDBS51I=w800-h500-k-no,13,ChIJcYCvT_5PSYYR4tLXpuN4JQs,,,75160,,,"Massage therapist near Terrell, TX",,4.9,,,,,,,Texas,TX,310 W Brin St,,"Massage therapist, Chiropractor",America/Chicago,Massage therapist,,True,http://www.forneychiro.com/,{'Thursday': ['9AM-5PM']},"Thursday,9AM,5PM"
"{'Accessibility': {'Wheelchair accessible entrance': True, 'Wheelchair accessible parking lot': True}, 'Other': {'Identifies as women-owned': True}}","8999 TX-34, Quinlan, TX 75474",False,,OPERATIONAL,,2451393475613322174,Quinlan,,,,,,,,,,,,,,,,,,,,,,United States of America,US,,,0x864961c2ce105709:0x22051960c6a46bbe,8926c9c88cbffff,/g/11vj1jxksx,32.9023634,,,"https://www.google.com/maps/place/Kate-Lynne+Campbell%E2%80%99s+Massage+therapy/@32.9023634,-96.12674469999999,14z/data=!4m8!1m2!2m1!1sKate-Lynne+Campbell%E2%80%99s+Massage+therapy!3m4!1s0x864961c2ce105709:0x22051960c6a46bbe!8m2!3d32.9023634!4d-96.12674469999999","https://www.google.com/maps/place/Kate-Lynne+Campbell%E2%80%99s+Massage+therapy/@32.9023634,-96.12674469999999,13.99z/data=!4m16!1m7!3m6!1s0x864961c2ce105709:0x22051960c6a46bbe!2sKate-Lynne+Campbell%E2%80%99s+Massage+therapy!8m2!3d32.9023634!4d-96.12674469999999!16s%2Fg%2F11ckvg1dmb!3m7!1s0x864961c2ce105709:0x22051960c6a46bbe!8m2!3d32.9023634!4d-96.12674469999999!9m1!1b1!16s%2Fg%2F11ckvg1dmb?entry=ttu",https://lh5.googleusercontent.com/-ZHbHK0bbAsA/AAAAAAAAAAI/AAAAAAAAAAA/gaoKh9NSgVY/s44-p-k-no-ns-nd/photo.jpg,-96.12674469999999,,Kate-Lynne Campbell’s Massage therapy,Kate Lynne Campbell’S Massage Therapy,,,117245203176672342083,https://www.google.com/maps/contrib/117245203176672342083,Kate-Lynne Campbell’s Massage therapy,+1 903-669-5574,,landline,https://lh3.googleusercontent.com/gps-cs-s/AHVAwer358cr6Po1itgBsnrdhrMUSEJDqCvwkdsB8aJm6rFL8iQ-YMz_fwhHciuuQBTphP74hOwqNaof1VULMnmUce80vEQlGQXjwkC5i0iyyTnTdueLo23DZJ-7e9nznhZS25UgHrrSng=w800-h500-k-no,2,ChIJCVcQzsJhSYYRvmukxmAZBSI,,,75474,,,"Massage therapist near Terrell, TX",,5.0,,,,,,,Texas,TX,8999 TX-34,https://streetviewpixels-pa.googleapis.com/v1/thumbnail?panoid=p6qROFG92YlmY0pX_FzArQ&cb_client=search.gws-prod.gps&w=1600&h=1000&yaw=276.1323&pitch=0&thumbfov=100,"Massage therapist, Health spa",America/Chicago,Massage therapist,,True,http://kate-lynne-campbells-massage-therapy.square.site/,{'Thursday': ['9AM-7PM']},"Thursday,9AM,7PM"
"{'Accessibility': {'Wheelchair accessible entrance': True, 'Wheelchair accessible parking lot': True}}","4702 Rowlett Rd Suite #102, Rowlett, TX 75088",False,,OPERATIONAL,,10257384145294526928,Rowlett,,,,,,,,,,,,,,,,,,,,,,United States of America,US,,,0x864ea92b3a2cee97:0x8e598c88c10109d0,8926c82f617ffff,/g/11lylryb8t,32.903070899999996,,,"https://www.google.com/maps/place/Massage+Experience/@32.903070899999996,-96.56878549999999,14z/data=!4m8!1m2!2m1!1sMassage+Experience!3m4!1s0x864ea92b3a2cee97:0x8e598c88c10109d0!8m2!3d32.903070899999996!4d-96.56878549999999","https://www.google.com/maps/place/Massage+Experience/@32.903070899999996,-96.56878549999999,13.99z/data=!4m16!1m7!3m6!1s0x864ea92b3a2cee97:0x8e598c88c10109d0!2sMassage+Experience!8m2!3d32.903070899999996!4d-96.56878549999999!16s%2Fg%2F11ckvg1dmb!3m7!1s0x864ea92b3a2cee97:0x8e598c88c10109d0!8m2!3d32.903070899999996!4d-96.56878549999999!9m1!1b1!16s%2Fg%2F11ckvg1dmb?entry=ttu",https://lh3.googleusercontent.com/-xeclzaPgEiM/AAAAAAAAAAI/AAAAAAAAAAA/C00KbmgaDL8/s44-p-k-no-ns-nd/photo.jpg,-96.56878549999999,,Massage Experience,Massage Experience,,,104414368009639290522,https://www.google.com/maps/contrib/104414368009639290522,Massage Experience,+1 469-434-5507,"T-MOBILE USA, INC.",mobile,https://lh3.googleusercontent.com/p/AF1QipPkC77x964xTSfBR5jV5B3QPyqIi9lvaehGu8c4=w800-h500-k-no,10,ChIJl-4sOiupToYR0AkBwYiMWY4,,,75088,,,"Massage therapist near Rowlett, TX",,4.9,,,,,,,Texas,TX,4702 Rowlett Rd Suite #102,,Massage therapist,America/Chicago,Massage therapist,,True,https://massageexperience.org/,{'Thursday': ['9AM-6:30PM']},"Thursday,9AM,6:30PM"
{'Accessibility': {'Wheelchair accessible parking lot': True}},"3525 Main St, Rowlett, TX 75088",False,,OPERATIONAL,,17244128070735134302,Rowlett,,,,,,,,,,,,,,,,,,,,,,United States of America,US,,,0x864ea973e0a88521:0xef4f731df5827e5e,8926c82f6abffff,/g/11xz53x0p5,32.903082399999995,,,"https://www.google.com/maps/place/Main+Street+Massage/@32.903082399999995,-96.5682674,14z/data=!4m8!1m2!2m1!1sMain+Street+Massage!3m4!1s0x864ea973e0a88521:0xef4f731df5827e5e!8m2!3d32.903082399999995!4d-96.5682674","https://www.google.com/maps/place/Main+Street+Massage/@32.903082399999995,-96.5682674,13.99z/data=!4m16!1m7!3m6!1s0x864ea973e0a88521:0xef4f731df5827e5e!2sMain+Street+Massage!8m2!3d32.903082399999995!4d-96.5682674!16s%2Fg%2F11ckvg1dmb!3m7!1s0x864ea973e0a88521:0xef4f731df5827e5e!8m2!3d32.903082399999995!4d-96.5682674!9m1!1b1!16s%2Fg%2F11ckvg1dmb?entry=ttu",https://lh4.googleusercontent.com/-sE-LuJLixMA/AAAAAAAAAAI/AAAAAAAAAAA/UQ2J6KQMnqA/s44-p-k-no-ns-nd/photo.jpg,-96.5682674,,Main Street Massage,Main Street Massage,,,106764028506460675193,https://www.google.com/maps/contrib/106764028506460675193,Main Street Massage,+1 214-430-0344,"T-MOBILE USA, INC.",mobile,https://lh3.googleusercontent.com/p/AF1QipM2zj0dQK6nN7hmKdl7d4oH3YP6mg_75M05NB7Y=w800-h500-k-no,5,ChIJIYWo4HOpToYRXn6C9R1zT-8,,,75088,,,"Massage therapist near Rowlett, TX",,5.0,,,,,,,Texas,TX,3525 Main St,,Massage therapist,America/Chicago,Massage therapist,,True,https://www.mainstmassagerowlett.com/,{'Thursday': ['9AM-8PM']},"Thursday,9AM,8PM"
{'Accessibility': {'Wheelchair accessible parking lot': True}},"3705 Lakeview Pkwy Suite 211, Rowlett, TX 75088",False,,OPERATIONAL,,1597921835534016951,Rowlett,20600 Gordon Park Square,Ashburn,United States,"Premier Thai Massage offers a wide range of massage services including Thai massage, deep tissue massage, Swedish massage, hot stone massage, aromatherapy, and more. With a focus on both Eastern and Western techniques, our tailor-made massages cater to...",,,,HEALTH_WELLNESS_AND_FITNESS,False,"Premier Thai Massage offers a wide range of massage services including Thai massage, deep tissue massage, Swedish massage, hot stone massage, aromatherapy, and more. With a focus on both Eastern and Western techniques, our tailor-made massages cater to...",,Premier Thai Massage,+1 469-829-0639,,landline,,VA,America/New_York,,,20147,United States of America,US,,,0x864c03c5a9263fc7:0x162cf57179d861b7,8926c82f687ffff,/g/11y3cpmxmk,32.9081973,,,"https://www.google.com/maps/place/Premier+Thai+Massage/@32.9081973,-96.5657444,14z/data=!4m8!1m2!2m1!1sPremier+Thai+Massage!3m4!1s0x864c03c5a9263fc7:0x162cf57179d861b7!8m2!3d32.9081973!4d-96.5657444","https://www.google.com/maps/place/Premier+Thai+Massage/@32.9081973,-96.5657444,13.99z/data=!4m16!1m7!3m6!1s0x864c03c5a9263fc7:0x162cf57179d861b7!2sPremier+Thai+Massage!8m2!3d32.9081973!4d-96.5657444!16s%2Fg%2F11ckvg1dmb!3m7!1s0x864c03c5a9263fc7:0x162cf57179d861b7!8m2!3d32.9081973!4d-96.5657444!9m1!1b1!16s%2Fg%2F11ckvg1dmb?entry=ttu",https://lh5.googleusercontent.com/-8vQiyiIdVp4/AAAAAAAAAAI/AAAAAAAAAAA/eKwu3Uml8c0/s44-p-k-no-ns-nd/photo.jpg,-96.5657444,,Premier Thai Massage,Premier Thai Massage,,,106224455264203785831,https://www.google.com/maps/contrib/106224455264203785831,Premier Thai Massage,+1 469-829-0639,,landline,https://lh3.googleusercontent.com/p/AF1QipMmBe0h6pp4muSsL6TXYkrTSjPpmaSM-Kjqah1h=w800-h500-k-no,14,ChIJxz8mqcUDTIYRt2HYeXH1LBY,,,75088,,,"Massage therapist near Rowlett, TX",,5.0,,,,,,,Texas,TX,3705 Lakeview Pkwy Suite 211,,Massage spa,America/Chicago,Massage spa,,True,https://www.premierthaimassage.com/,{'Thursday': ['9AM-5:15PM']},"Thursday,9AM,5:15PM"
"{'Accessibility': {'Wheelchair accessible entrance': True, 'Wheelchair accessible parking lot': True, 'Wheelchair accessible restroom': True, 'Wheelchair accessible seating': True}, 'Other': {'Identifies as Asian-owned': True, 'LGBTQ+ friendly': True}}","5115 Rowlett Rd, Rowlett, TX 75088",False,,OPERATIONAL,,10939265897082070581,Rowlett,,,,,,,,,,,,,,,,,,,,,,United States of America,US,,,0x864ea80280a481fb:0x97d0145feb1f2635,8926c82f68fffff,/g/11ckr67prw,32.9061825,,,"https://www.google.com/maps/place/Enjoy+Foot+Spa/@32.9061825,-96.5702989,14z/data=!4m8!1m2!2m1!1sEnjoy+Foot+Spa!3m4!1s0x864ea80280a481fb:0x97d0145feb1f2635!8m2!3d32.9061825!4d-96.5702989","https://www.google.com/maps/place/Enjoy+Foot+Spa/@32.9061825,-96.5702989,13.99z/data=!4m16!1m7!3m6!1s0x864ea80280a481fb:0x97d0145feb1f2635!2sEnjoy+Foot+Spa!8m2!3d32.9061825!4d-96.5702989!16s%2Fg%2F11ckvg1dmb!3m7!1s0x864ea80280a481fb:0x97d0145feb1f2635!8m2!3d32.9061825!4d-96.5702989!9m1!1b1!16s%2Fg%2F11ckvg1dmb?entry=ttu",https://lh5.googleusercontent.com/-5M2I-DRtX5A/AAAAAAAAAAI/AAAAAAAAAAA/paD8XRaQkoI/s44-p-k-no-ns-nd/photo.jpg,-96.5702989,,Enjoy Foot Spa,Enjoy Foot Spa,,,116311998526707240598,https://www.google.com/maps/contrib/116311998526707240598,Enjoy Foot Spa,+1 626-550-9908,,landline,https://lh3.googleusercontent.com/gps-cs-s/AHVAwepA86nTZMEGRM2QpxXFPOtHJuKHgMzdMIGIu4wNGp1J4bNRYt1V7lsWqkkm6WzSqnVRc0hOB4VDgyoRi-zfuljkJxTuNP-Lf0OyEYhOOGloMAguFG2Rf-cI53QqU8LW-2z650_F=w800-h500-k-no,19,ChIJ-4GkgAKoToYRNSYf618U0Jc,,,75088,,,"Massage therapist near Rowlett, TX",,4.3,,,,,,,Texas,TX,5115 Rowlett Rd,,Massage therapist,America/Chicago,Massage therapist,,True,,{'Thursday': ['9AM-9:30PM']},"Thursday,9AM,9:30PM"
"{'Accessibility': {'Wheelchair accessible entrance': True, 'Wheelchair accessible parking lot': True}}","9806 Lakeview Pkwy, Rowlett, TX 75088",False,,OPERATIONAL,,4544005025604161218,Rowlett,,,,,,,,,,,,,,,,,,,,,,United States of America,US,,,0x864c0211deca1fc7:0x3f0f8c7ee0b9cec2,8926c821bb7ffff,/g/1tfcj4hp,32.9205731,,,"https://www.google.com/maps/place/Lisa+Massages/@32.9205731,-96.5069998,14z/data=!4m8!1m2!2m1!1sLisa+Massages!3m4!1s0x864c0211deca1fc7:0x3f0f8c7ee0b9cec2!8m2!3d32.9205731!4d-96.5069998","https://www.google.com/maps/place/Lisa+Massages/@32.9205731,-96.5069998,13.99z/data=!4m16!1m7!3m6!1s0x864c0211deca1fc7:0x3f0f8c7ee0b9cec2!2sLisa+Massages!8m2!3d32.9205731!4d-96.5069998!16s%2Fg%2F11ckvg1dmb!3m7!1s0x864c0211deca1fc7:0x3f0f8c7ee0b9cec2!8m2!3d32.9205731!4d-96.5069998!9m1!1b1!16s%2Fg%2F11ckvg1dmb?entry=ttu",,-96.5069998,,Lisa Massages,Lisa Massages,,,,,Lisa Massages,+1 972-412-0293,Frontier,,https://lh3.googleusercontent.com/gps-cs-s/AHVAweqCPgD6GSlLck6PFAgf_LHkdu2tPB94ntScVMqPRbgvuKlq_WVdOHeXHLmQo3FTgrxz-hrSGoILVlq3p8qCaG8ju1zSLZX6ZJB9tUtuxfzRKWRbZsT_Zrmg60cTE-qKZEn7Bqi6Kg=w800-h500-k-no,3,ChIJxx_K3hECTIYRws654H6MDz8,,,75088,,,"Massage therapist near Rowlett, TX",,3.6,,,,,,,Texas,TX,9806 Lakeview Pkwy,https://streetviewpixels-pa.googleapis.com/v1/thumbnail?panoid=nr9neW-uWHEHMKFxScZPAg&cb_client=search.gws-prod.gps&w=1600&h=1000&yaw=154.6633&pitch=0&thumbfov=100,Massage therapist,America/Chicago,Massage therapist,,False,,,
"{'Accessibility': {'Wheelchair accessible entrance': True, 'Wheelchair accessible parking lot': True, 'Wheelchair accessible restroom': True}, 'Other': {'Identifies as women-owned': True}}","8809 Lakeview Pkwy #100, Rowlett, TX 75088",False,,OPERATIONAL,,16245305361237697164,Rowlett,2691 Mid Town Terrace,Orlando,United States,"GoDaddySites.com is a website builder that allows businesses to create professional-looking websites without any coding or design experience. It offers a range of customizable templates, an intuitive drag-and-drop editor, and features like e-commerce, ...",10.0,,,,False,"GoDaddySites.com is a website builder that allows businesses to create professional-looking websites without any coding or design experience. It offers a range of customizable templates, an intuitive drag-and-drop editor, and features like e-commerce, ...",https://www.linkedin.com/company/fynd-online-limited,Ninja Moves,+1 863-254-5292,,landline,,FL,America/New_York,10100000,,32839,United States of America,US,,,0x864c0272a2d88f7d:0xe172eb279c52628c,8926c821bbbffff,/g/11cmhlbpxv,32.9201368,,,"https://www.google.com/maps/place/Supreme+Foot+Massage+Spa/@32.9201368,-96.5157294,14z/data=!4m8!1m2!2m1!1sSupreme+Foot+Massage+Spa!3m4!1s0x864c0272a2d88f7d:0xe172eb279c52628c!8m2!3d32.9201368!4d-96.5157294","https://www.google.com/maps/place/Supreme+Foot+Massage+Spa/@32.9201368,-96.5157294,13.99z/data=!4m16!1m7!3m6!1s0x864c0272a2d88f7d:0xe172eb279c52628c!2sSupreme+Foot+Massage+Spa!8m2!3d32.9201368!4d-96.5157294!16s%2Fg%2F11ckvg1dmb!3m7!1s0x864c0272a2d88f7d:0xe172eb279c52628c!8m2!3d32.9201368!4d-96.5157294!9m1!1b1!16s%2Fg%2F11ckvg1dmb?entry=ttu",https://lh3.googleusercontent.com/-HRE_Pmn3djY/AAAAAAAAAAI/AAAAAAAAAAA/vN-T6T1K7Ow/s44-p-k-no-ns-nd/photo.jpg,-96.5157294,,Supreme Foot Massage Spa,Supreme Foot Massage Spa,,,116735456110465619216,https://www.google.com/maps/contrib/116735456110465619216,Supreme Foot Massage Spa,+1 972-363-5888,CELLCO PARTNERSHIP DBA VERIZON,mobile,https://lh3.googleusercontent.com/gps-cs-s/AHVAwepXZpsiLhCfueLKWUt0oIdtcx6AffKu4_1b6WllC_y3kV_7UUoBWIpeBHYoGhdIwuoAbG7P6s-zGR02tCPma5hwTSEhRu7X1i8D2e9BDM2-3aqvn3oyFqg4Yv7k7ywoWh6_4yS9=w800-h500-k-no,33,ChIJfY_YonICTIYRjGJSnCfrcuE,,,75088,,,"Massage therapist near Rowlett, TX",,4.0,,,,,,,Texas,TX,8809 Lakeview Pkwy #100,,"Massage therapist, Occupational health service",America/Chicago,Massage therapist,,True,https://supremefootspa.godaddysites.com/,{'Thursday': ['10AM-10PM']},"Thursday,10AM,10PM"
"{'Accessibility': {'Wheelchair accessible entrance': True, 'Wheelchair accessible parking lot': True}}","6501 Dalrock Rd #112, Rowlett, TX 75089",False,,OPERATIONAL,,2858104379104547897,Rowlett,,,,,,,,,,,,,,,,,,,,,,United States of America,US,,,0x864c02723a21dc2d:0x27aa06ca3783d439,8926c821b17ffff,/g/1q678bbjy,32.918378,,,"https://www.google.com/maps/place/Foot+Palace/@32.918378,-96.51865699999999,14z/data=!4m8!1m2!2m1!1sFoot+Palace!3m4!1s0x864c02723a21dc2d:0x27aa06ca3783d439!8m2!3d32.918378!4d-96.51865699999999","https://www.google.com/maps/place/Foot+Palace/@32.918378,-96.51865699999999,13.99z/data=!4m16!1m7!3m6!1s0x864c02723a21dc2d:0x27aa06ca3783d439!2sFoot+Palace!8m2!3d32.918378!4d-96.51865699999999!16s%2Fg%2F11ckvg1dmb!3m7!1s0x864c02723a21dc2d:0x27aa06ca3783d439!8m2!3d32.918378!4d-96.51865699999999!9m1!1b1!16s%2Fg%2F11ckvg1dmb?entry=ttu",https://lh3.googleusercontent.com/-9Niu1oR_IPI/AAAAAAAAAAI/AAAAAAAAAAA/xSCiOtxn2Mg/s44-p-k-no-ns-nd/photo.jpg,-96.51865699999999,,Foot Palace,Foot Palace,,,115204994192789136611,https://www.google.com/maps/contrib/115204994192789136611,Foot Palace,+1 972-463-3333,TIME WARNER CBLE INFO SVC (TX),fixed line,https://lh3.googleusercontent.com/p/AF1QipMHyMb3KEsZ43-f00NVD-bjLaZEAw7ZTUYqNiqv=w800-h500-k-no,31,ChIJLdwhOnICTIYROdSDN8oGqic,,,75089,,,"Massage therapist near Rowlett, TX",,4.5,,,,,,,Texas,TX,6501 Dalrock Rd #112,,"Massage therapist, Massage spa, Occupational health service, Spa",America/Chicago,Massage therapist,,True,http://www.footpalacerowlett.com/,{'Thursday': ['10AM-10PM']},"Thursday,10AM,10PM"
"{'Accessibility': {'Wheelchair accessible entrance': True, 'Wheelchair accessible parking lot': True, 'Wheelchair accessible restroom': True, 'Wheelchair accessible seating': True}}","1013 Northwest Hwy Suite 110, Garland, TX 75041",False,,OPERATIONAL,,11193709820242743023,Garland,1013 Northwest Hwy,Garland,United States,"Garland, Dallas-Fort Worth's #1 trusted massage therapy, providing a better, healthier quality of life.",10.0,,2010.0,HEALTH_WELLNESS_AND_FITNESS,False,"Garland, Dallas-Fort Worth's #1 trusted massage therapy, providing a better, healthier quality of life.",https://www.linkedin.com/company/morning-dew-massage-&-wellness-llc,Morning Dew Massage & Wellness,2149841985,CELLCO PARTNERSHIP DBA VERIZON WIRELESS - TX,mobile,1000000.0,TX,America/Chicago,,mdm_wellness,75041,United States of America,US,,,0x864ea72192924037:0x9b580bc6525eceef,8926c828b4bffff,/g/11b7018ydw,32.8631822,,,"https://www.google.com/maps/place/Morning+Dew+Massage+%26+Wellness/@32.8631822,-96.6427341,14z/data=!4m8!1m2!2m1!1sMorning+Dew+Massage+%26+Wellness!3m4!1s0x864ea72192924037:0x9b580bc6525eceef!8m2!3d32.8631822!4d-96.6427341","https://www.google.com/maps/place/Morning+Dew+Massage+%26+Wellness/@32.8631822,-96.6427341,13.99z/data=!4m16!1m7!3m6!1s0x864ea72192924037:0x9b580bc6525eceef!2sMorning+Dew+Massage+%26+Wellness!8m2!3d32.8631822!4d-96.6427341!16s%2Fg%2F11ckvg1dmb!3m7!1s0x864ea72192924037:0x9b580bc6525eceef!8m2!3d32.8631822!4d-96.6427341!9m1!1b1!16s%2Fg%2F11ckvg1dmb?entry=ttu",https://lh5.googleusercontent.com/-facSKtmyI2w/AAAAAAAAAAI/AAAAAAAAAAA/QT_nSYv4cAU/s44-p-k-no-ns-nd/photo.jpg,-96.6427341,,Morning Dew Massage & Wellness,Morning Dew Massage And Wellness,,,103756182694294310883,https://www.google.com/maps/contrib/103756182694294310883,Morning Dew Massage & Wellness,+1 972-271-4636,TIME WARNER CBLE INFO SVC (TX),fixed line,https://lh3.googleusercontent.com/p/AF1QipO-qzxn-D4Brv4tqJZ86wwaoNQH8pDQsrjtiG1_=w800-h500-k-no,37,ChIJN0CSkiGnToYR785eUsYLWJs,,,75041,,,"Massage therapist near Rowlett, TX",,4.6,,,,,,,Texas,TX,1013 Northwest Hwy Suite 110,,"Massage therapist, Facial spa, Health spa, Skin care clinic, Sports massage therapist, Wellness center",America/Chicago,Massage therapist,,True,https://www.morningdewmassage.com/,{'Thursday': ['10AM-8PM']},"Thursday,10AM,8PM"
"{'Accessibility': {'Assistive hearing loop': False, 'Wheelchair accessible parking lot': True, 'Wheelchair accessible restroom': True, 'Wheelchair accessible seating': True}, 'Other': {'Identifies as Asian-owned': True, 'LGBTQ+ friendly': True}}","545 Rowlett Rd, Garland, TX 75043",False,,OPERATIONAL,,14415108720020521008,Garland,,,,,,,,,,,,,,,,,,,,,,United States of America,US,,,0x864ea63a200ed903:0xc80cc1019f758030,8926c82d6a7ffff,/g/11c32l6wtr,32.8474133,,,"https://www.google.com/maps/place/Garland+Massage/@32.8474133,-96.5945631,14z/data=!4m8!1m2!2m1!1sGarland+Massage!3m4!1s0x864ea63a200ed903:0xc80cc1019f758030!8m2!3d32.8474133!4d-96.5945631","https://www.google.com/maps/place/Garland+Massage/@32.8474133,-96.5945631,13.99z/data=!4m16!1m7!3m6!1s0x864ea63a200ed903:0xc80cc1019f758030!2sGarland+Massage!8m2!3d32.8474133!4d-96.5945631!16s%2Fg%2F11ckvg1dmb!3m7!1s0x864ea63a200ed903:0xc80cc1019f758030!8m2!3d32.8474133!4d-96.5945631!9m1!1b1!16s%2Fg%2F11ckvg1dmb?entry=ttu",https://lh3.googleusercontent.com/-eB8KXrLXL9Q/AAAAAAAAAAI/AAAAAAAAAAA/SFPfv4aC1MU/s44-p-k-no-ns-nd/photo.jpg,-96.5945631,,Garland Massage,Garland Massage,,,118413107188102071413,https://www.google.com/maps/contrib/118413107188102071413,Garland Massage,+1 469-573-9518,TIME WARNER CBLE INFO SVC (TX),fixed line,https://lh3.googleusercontent.com/p/AF1QipPgfXZp2tbCWRlc3kgq2XA_FlYoaQhJMP-FUKgv=w800-h500-k-no,10,ChIJA9kOIDqmToYRMIB1nwHBDMg,,,75043,,,"Massage therapist near Rowlett, TX",,3.7,,,,,,,Texas,TX,545 Rowlett Rd,,"Massage therapist, Massage spa",America/Chicago,Massage therapist,,True,,,
"{'Accessibility': {'Wheelchair accessible entrance': True, 'Wheelchair accessible parking lot': True}, 'Other': {'Identifies as women-owned': True}}","1221 Arista Dr #200, Rockwall, TX 75032",False,,OPERATIONAL,,16750096985235916412,Rockwall,801 Interstate 30,Rockwall,United States,"Rockwall Medical Massage is a massage therapy center that offers a variety of massage services, including medical, sports, Swedish, deep tissue, and prenatal massages.",10.0,https://facebook.com/rockwallmedicalmassage,,,False,"Rockwall Medical Massage is a massage therapy center that offers a variety of massage services, including medical, sports, Swedish, deep tissue, and prenatal massages.",https://www.linkedin.com/company/rockwall-medical-massage,Rockwall Medical Massage,(214) 686-3650,"NEW CINGULAR WIRELESS PCS, LLC - IL",mobile,1000000.0,TX,America/Chicago,,,75087,United States of America,US,,,0x864c01c652bb9ccf:0xe8744c765654067c,8926c82e0abffff,/g/113f4qy4c,32.887985199999996,,,"https://www.google.com/maps/place/Rockwall+Medical+Massage/@32.887985199999996,-96.47212979999999,14z/data=!4m8!1m2!2m1!1sRockwall+Medical+Massage!3m4!1s0x864c01c652bb9ccf:0xe8744c765654067c!8m2!3d32.887985199999996!4d-96.47212979999999","https://www.google.com/maps/place/Rockwall+Medical+Massage/@32.887985199999996,-96.47212979999999,13.99z/data=!4m16!1m7!3m6!1s0x864c01c652bb9ccf:0xe8744c765654067c!2sRockwall+Medical+Massage!8m2!3d32.887985199999996!4d-96.47212979999999!16s%2Fg%2F11ckvg1dmb!3m7!1s0x864c01c652bb9ccf:0xe8744c765654067c!8m2!3d32.887985199999996!4d-96.47212979999999!9m1!1b1!16s%2Fg%2F11ckvg1dmb?entry=ttu",https://lh3.googleusercontent.com/-ZOlc1ZaYze0/AAAAAAAAAAI/AAAAAAAAAAA/dSlvNRwMxxw/s44-p-k-no-ns-nd/photo.jpg,-96.47212979999999,,Rockwall Medical Massage,Rockwall Medical Massage,,,103979526842493592267,https://www.google.com/maps/contrib/103979526842493592267,Rockwall Medical Massage,+1 214-686-3650,"NEW CINGULAR WIRELESS PCS, LLC - IL",mobile,https://lh3.googleusercontent.com/p/AF1QipOJL7LlaH7WdQbBlV-jOatPkBPzlsvwljWQz3Io=w800-h500-k-no,9,ChIJz5y7UsYBTIYRfAZUVnZMdOg,,,75032,,,"Massage therapist near Rowlett, TX",,4.7,,,,,,,Texas,TX,1221 Arista Dr #200,https://streetviewpixels-pa.googleapis.com/v1/thumbnail?panoid=FeL4WcQ-KN7ZlcNvLjFf5A&cb_client=search.gws-prod.gps&w=1600&h=1000&yaw=213.82784&pitch=0&thumbfov=100,Massage therapist,America/Chicago,Massage therapist,,True,http://www.rockwallmedicalmassage.com/,{'Thursday': ['9AM-6PM']},"Thursday,9AM,6PM"
"{'Accessibility': {'Wheelchair accessible entrance': True, 'Wheelchair accessible parking lot': True}}","103 N Goliad St, Rockwall, TX 75087",False,,OPERATIONAL,,1889376043159952810,Rockwall,103 North Goliad Street,Rockwall,United States,"Stef's Therapeutic Bodywork offers orthopedic massage therapy. Come talk to Stef and find out what Orthopedic Massage can do for you. Conveniently located in Flower Mound, Texas.",10.0,,2016.0,HOSPITAL_HEALTH_CARE,False,"Stef's Therapeutic Bodywork offers orthopedic massage therapy. Come talk to Stef and find out what Orthopedic Massage can do for you. Conveniently located in Flower Mound, Texas.",,Stef’s Therapeutic Bodywork,+1 214-618-9239,"ONVOY, LLC - TX",fixed line,1000000.0,TX,America/Chicago,,,75087,United States of America,US,,,0x864c2d158d061adf:0x1a3869803bae9daa,8926c820aafffff,/g/11bbrhdjwt,32.9312164,,,"https://www.google.com/maps/place/Stef%27s+Therapeutic+Bodywork+LLC/@32.9312164,-96.4604332,14z/data=!4m8!1m2!2m1!1sStef%27s+Therapeutic+Bodywork+LLC!3m4!1s0x864c2d158d061adf:0x1a3869803bae9daa!8m2!3d32.9312164!4d-96.4604332","https://www.google.com/maps/place/Stef%27s+Therapeutic+Bodywork+LLC/@32.9312164,-96.4604332,13.99z/data=!4m16!1m7!3m6!1s0x864c2d158d061adf:0x1a3869803bae9daa!2sStef%27s+Therapeutic+Bodywork+LLC!8m2!3d32.9312164!4d-96.4604332!16s%2Fg%2F11ckvg1dmb!3m7!1s0x864c2d158d061adf:0x1a3869803bae9daa!8m2!3d32.9312164!4d-96.4604332!9m1!1b1!16s%2Fg%2F11ckvg1dmb?entry=ttu",https://lh5.googleusercontent.com/-FPRgmHs2Tl4/AAAAAAAAAAI/AAAAAAAAAAA/d32mFWoBucs/s44-p-k-no-ns-nd/photo.jpg,-96.4604332,,Stef's Therapeutic Bodywork LLC,Stefs Therapeutic Bodywork,,,112976980983926883819,https://www.google.com/maps/contrib/112976980983926883819,Stef's Therapeutic Bodywork LLC,+1 214-618-9239,"ONVOY, LLC - TX",fixed line,https://lh3.googleusercontent.com/gps-cs-s/AHVAwepIOiDFujv4PyETx0LYJmcNPaevL3zDAU5wfTCH4tXFIUbaJEPeeiRi5lqX_3KiY_4KDaSaXDypA8f9k0r3MWfBh9O_aKZ_N68zGvWM4zxKSUtvsxDIOjDcZL1xtKfZXNfEWguA9A=w800-h500-k-no,7,ChIJ3xoGjRUtTIYRqp2uO4BpOBo,,,75087,,,"Massage therapist near Rowlett, TX",,5.0,,,,,,,Texas,TX,103 N Goliad St,,"Massage therapist, Health consultant, Holistic medicine practitioner, Orthopedic clinic",America/Chicago,Massage therapist,,True,http://stefstherapeuticbodywork.com/,{'Thursday': ['1-7PM']},"Thursday,1,7PM"
{'Accessibility': {'Wheelchair accessible parking lot': True}},"337 Oaks Trail Suite 210, Garland, TX 75043",False,,OPERATIONAL,,14484322871314389570,Garland,337 Oaks Trail,Garland,United States,Independent massage therapist doing massage in Garland Texas. This website is to introduce my service with a 35% off intro massage and show you why Trew Love Massage Studio delivers the best massage in DFW.,,,,,False,Independent massage therapist doing massage in Garland Texas. This website is to introduce my service with a 35% off intro massage and show you why Trew Love Massage Studio delivers the best massage in DFW.,,Trewlovemassagestudio,,,,,TX,America/Chicago,,,75043,United States of America,US,,,0x864ea93aedef190f:0xc902a6e904c29a42,8926c82d427ffff,/g/11j6sbhqs0,32.8478941,,,"https://www.google.com/maps/place/Trew+Love+Massage+Studio/@32.8478941,-96.5724833,14z/data=!4m8!1m2!2m1!1sTrew+Love+Massage+Studio!3m4!1s0x864ea93aedef190f:0xc902a6e904c29a42!8m2!3d32.8478941!4d-96.5724833","https://www.google.com/maps/place/Trew+Love+Massage+Studio/@32.8478941,-96.5724833,13.99z/data=!4m16!1m7!3m6!1s0x864ea93aedef190f:0xc902a6e904c29a42!2sTrew+Love+Massage+Studio!8m2!3d32.8478941!4d-96.5724833!16s%2Fg%2F11ckvg1dmb!3m7!1s0x864ea93aedef190f:0xc902a6e904c29a42!8m2!3d32.8478941!4d-96.5724833!9m1!1b1!16s%2Fg%2F11ckvg1dmb?entry=ttu",https://lh6.googleusercontent.com/-kzszbFKG-8A/AAAAAAAAAAI/AAAAAAAAAAA/vmauenRfMz0/s44-p-k-no-ns-nd/photo.jpg,-96.5724833,,Trew Love Massage Studio,Trew Love Massage Studio,,,115655625082058613635,https://www.google.com/maps/contrib/115655625082058613635,Trew Love Massage Studio,+1 469-682-1304,"T-MOBILE USA, INC.",mobile,https://lh3.googleusercontent.com/p/AF1QipNBRwVWrGsieqPy74ULE57CynI7fAKXuxgtgDuj=w800-h500-k-no,42,ChIJDxnv7TqpToYRQprCBOmmAsk,,,75043,,,"Massage therapist near Rowlett, TX",,5.0,,,,,,,Texas,TX,337 Oaks Trail Suite 210,,"Massage therapist, Massage spa, Sports massage therapist",America/Chicago,Massage therapist,,True,https://www.trewlovemassagestudio.com/booking-calendar/1-5-hour-intro-special,,
{'Accessibility': {'Wheelchair accessible parking lot': True}},"2014 N State Hwy 78 #145, Wylie, TX 75098",False,,OPERATIONAL,,8401078317188576801,Wylie,,,,,,,,,,,,,,,,,,,,,,United States of America,US,,,0x864c05258ce468ad:0x7496a037fa42f621,8926c8233a7ffff,/g/11mkxzq_r3,33.0243399,,,"https://www.google.com/maps/place/Irelax+Massage/@33.0243399,-96.5137742,14z/data=!4m8!1m2!2m1!1sIrelax+Massage!3m4!1s0x864c05258ce468ad:0x7496a037fa42f621!8m2!3d33.0243399!4d-96.5137742","https://www.google.com/maps/place/Irelax+Massage/@33.0243399,-96.5137742,13.99z/data=!4m16!1m7!3m6!1s0x864c05258ce468ad:0x7496a037fa42f621!2sIrelax+Massage!8m2!3d33.0243399!4d-96.5137742!16s%2Fg%2F11ckvg1dmb!3m7!1s0x864c05258ce468ad:0x7496a037fa42f621!8m2!3d33.0243399!4d-96.5137742!9m1!1b1!16s%2Fg%2F11ckvg1dmb?entry=ttu",https://lh4.googleusercontent.com/-2EOIJY_hCnM/AAAAAAAAAAI/AAAAAAAAAAA/0RX7OO-xNy0/s44-p-k-no-ns-nd/photo.jpg,-96.5137742,,Irelax Massage,Irelax Massage,,,111223744887646040553,https://www.google.com/maps/contrib/111223744887646040553,Irelax Massage,+1 469-901-8248,"T-MOBILE USA, INC.",mobile,https://lh3.googleusercontent.com/p/AF1QipNHpwlpTitPlfVYkzgD4hnyPDh1kw3-TEmLsnLW=w800-h500-k-no,17,ChIJrWjkjCUFTIYRIfZC-jeglnQ,,,75098,,,"Massage therapist near Wylie, TX",,5.0,,,,,,,Texas,TX,2014 N State Hwy 78 #145,https://streetviewpixels-pa.googleapis.com/v1/thumbnail?panoid=NiS9Oi-palLt_5yzC9PM3w&cb_client=search.gws-prod.gps&w=1600&h=1000&yaw=101.64155&pitch=0&thumbfov=100,Massage spa,America/Chicago,Massage spa,,True,https://www.irelaxmassagewylie.com/,{'Thursday': ['10AM-9:30PM']},"Thursday,10AM,9:30PM"
"{'Accessibility': {'Wheelchair accessible entrance': True, 'Wheelchair accessible parking lot': True, 'Wheelchair accessible restroom': True}}","3839 Parker Rd suite 105, Wylie, TX 75098",False,,OPERATIONAL,,10373593662648481528,Wylie,11 North Euclid Avenue,,United States,"Enjoy the benefits of therapeutic massage with member-only privileges, no contracts, and no long-term agreements. MassageLuXe has 4 membership types to fit your needs. All memberships are valid at any location and include unlimited 15 minute daily Hydr...",500.0,https://facebook.com/massageluxe,2008.0,HEALTH_WELLNESS_AND_FITNESS,False,"Enjoy the benefits of therapeutic massage with member-only privileges, no contracts, and no long-term agreements. MassageLuXe has 4 membership types to fit your needs. All memberships are valid at any location and include unlimited 15 minute daily Hydr...",https://www.linkedin.com/company/massageluxe,MassageLuXe,3149615893,,landline,10000000.0,MO,America/Chicago,,massageluxe,63026,United States of America,US,,,0x864c05ac8909dae5:0x8ff668797a67f6f8,8926c838dabffff,/g/11yc045yrr,33.053841999999996,,,"https://www.google.com/maps/place/MassageLuXe+Wylie/@33.053841999999996,-96.56695599999999,14z/data=!4m8!1m2!2m1!1sMassageLuXe+Wylie!3m4!1s0x864c05ac8909dae5:0x8ff668797a67f6f8!8m2!3d33.053841999999996!4d-96.56695599999999","https://www.google.com/maps/place/MassageLuXe+Wylie/@33.053841999999996,-96.56695599999999,13.99z/data=!4m16!1m7!3m6!1s0x864c05ac8909dae5:0x8ff668797a67f6f8!2sMassageLuXe+Wylie!8m2!3d33.053841999999996!4d-96.56695599999999!16s%2Fg%2F11ckvg1dmb!3m7!1s0x864c05ac8909dae5:0x8ff668797a67f6f8!8m2!3d33.053841999999996!4d-96.56695599999999!9m1!1b1!16s%2Fg%2F11ckvg1dmb?entry=ttu",https://lh6.googleusercontent.com/-JyFcEO12Mu8/AAAAAAAAAAI/AAAAAAAAAAA/BLSaoSuZVsk/s44-p-k-no-ns-nd/photo.jpg,-96.56695599999999,,MassageLuXe Wylie,Massageluxe Wylie,,,101801735482090968144,https://www.google.com/maps/contrib/101801735482090968144,MassageLuXe Wylie,+1 469-943-2170,Vonage Network,voip,https://lh3.googleusercontent.com/p/AF1QipPpvGjxNep4vzBWvUSlScZ9R4wel2eOclnY_hxz=w800-h500-k-no,20,ChIJ5doJiawFTIYR-PZnenlo9o8,,,75098,,,"Massage therapist near Wylie, TX",,4.8,,,,,,,Texas,TX,3839 Parker Rd suite 105,,Massage spa,America/Chicago,Massage spa,,True,https://massageluxe.com/locations/wylie-tx/,{'Thursday': ['9AM-9PM']},"Thursday,9AM,9PM"
"{'Accessibility': {'Wheelchair accessible entrance': True, 'Wheelchair accessible parking lot': True}}","560 Country Club Rd, Wylie, TX 75098",False,,OPERATIONAL,,14226679467652848326,Wylie,1455 Market Street,San Francisco,United States,"Square is a merchant services aggregator and mobile payment company that aims to simplify commerce through technology. They provide a range of products and services to help businesses start, run, and grow. This includes hardware and software tools such...",10000.0,https://facebook.com/square,2009.0,,True,"Square is a merchant services aggregator and mobile payment company that aims to simplify commerce through technology. They provide a range of products and services to help businesses start, run, and grow. This includes hardware and software tools such...",https://www.linkedin.com/company/joinsquare,Square,+1 415-375-3176,,landline,1000000000.0,CA,America/Los_Angeles,,Square,47906,United States of America,US,,,0x864c052c05bc6adb:0xc56f519982ca9ac6,8926c838927ffff,/g/11smrst2bd,33.0211204,,,"https://www.google.com/maps/place/Sunflower+Massage/@33.0211204,-96.5680795,14z/data=!4m8!1m2!2m1!1sSunflower+Massage!3m4!1s0x864c052c05bc6adb:0xc56f519982ca9ac6!8m2!3d33.0211204!4d-96.5680795","https://www.google.com/maps/place/Sunflower+Massage/@33.0211204,-96.5680795,13.99z/data=!4m16!1m7!3m6!1s0x864c052c05bc6adb:0xc56f519982ca9ac6!2sSunflower+Massage!8m2!3d33.0211204!4d-96.5680795!16s%2Fg%2F11ckvg1dmb!3m7!1s0x864c052c05bc6adb:0xc56f519982ca9ac6!8m2!3d33.0211204!4d-96.5680795!9m1!1b1!16s%2Fg%2F11ckvg1dmb?entry=ttu",https://lh6.googleusercontent.com/-BEI7wEF_2WU/AAAAAAAAAAI/AAAAAAAAAAA/7fULydWmMjY/s44-p-k-no-ns-nd/photo.jpg,-96.5680795,,Sunflower Massage,Sunflower Massage,,,113596256452136736554,https://www.google.com/maps/contrib/113596256452136736554,Sunflower Massage,+1 972-212-4427,TWC IP Enabled Services,landline,https://lh3.googleusercontent.com/p/AF1QipPQKaocowQRKQqNKghrEl1HWvhtb2v5Uxs03RF4=w800-h500-k-no,13,ChIJ22q8BSwFTIYRxprKgplRb8U,,,75098,,,"Massage therapist near Wylie, TX",,4.2,,,,,,,Texas,TX,560 Country Club Rd,,Massage spa,America/Chicago,Massage spa,,True,https://sunflower-massage.square.site/,{'Thursday': ['9AM-9:30PM']},"Thursday,9AM,9:30PM"
"{'Accessibility': {'Wheelchair accessible entrance': True, 'Wheelchair accessible parking lot': True}}","611 S State Hwy 78 STE 101, Wylie, TX 75098",False,,OPERATIONAL,,2967693280305925059,Wylie,,,,,,,,,,,,yoomispa.wixsite.com,,,,,,,,,,United States of America,US,,,0x864c05dd01ef42bf:0x292f5d509ef2cbc3,8926c821427ffff,/g/11y359nxqp,33.0065823,,,"https://www.google.com/maps/place/YOOMI+MASSAGE/@33.0065823,-96.5460422,14z/data=!4m8!1m2!2m1!1sYOOMI+MASSAGE!3m4!1s0x864c05dd01ef42bf:0x292f5d509ef2cbc3!8m2!3d33.0065823!4d-96.5460422","https://www.google.com/maps/place/YOOMI+MASSAGE/@33.0065823,-96.5460422,13.99z/data=!4m16!1m7!3m6!1s0x864c05dd01ef42bf:0x292f5d509ef2cbc3!2sYOOMI+MASSAGE!8m2!3d33.0065823!4d-96.5460422!16s%2Fg%2F11ckvg1dmb!3m7!1s0x864c05dd01ef42bf:0x292f5d509ef2cbc3!8m2!3d33.0065823!4d-96.5460422!9m1!1b1!16s%2Fg%2F11ckvg1dmb?entry=ttu",https://lh3.googleusercontent.com/-a-Uozsyv5qs/AAAAAAAAAAI/AAAAAAAAAAA/Ww4q_s4h4gE/s44-p-k-no-ns-nd/photo.jpg,-96.5460422,,YOOMI MASSAGE,Yoomi Massage,,,104286814991460333792,https://www.google.com/maps/contrib/104286814991460333792,YOOMI MASSAGE,+1 945-236-1175,t-mobile,mobile,https://lh3.googleusercontent.com/gps-cs-s/AHVAwepFQodAxC-TErEuSZpefi1NjzQKsk0VBsKmeASCH69DdKpSQ0odO8UANHvl1x5xxjcokTy28w0F2b-TELAqnjIbzVVO64ejJcCUAJIE2LICY-Sle-pTiSI1L6rjVSPvRcEknNFX=w800-h500-k-no,14,ChIJv0LvAd0FTIYRw8vynlBdLyk,,,75098,,,"Massage therapist near Wylie, TX",,4.7,,,,,,,Texas,TX,611 S State Hwy 78 STE 101,,"Massage therapist, Massage spa",America/Chicago,Massage therapist,,True,https://yoomispa.wixsite.com/yoomi-massage-3,{'Thursday': ['9:30AM-9PM']},"Thursday,9:30AM,9PM"
"{'Accessibility': {'Wheelchair accessible entrance': True, 'Wheelchair accessible parking lot': True}}","101B S Ballard Ave, Wylie, TX 75098",False,,OPERATIONAL,,12842412946353460034,Wylie,,Toronto,Canada,"Practice Management Software | ClinicSense Run and grow your health and wellness business with our all in one practice management solution. Our award winning software features appointment scheduling and reminders tools, SOAP notes, online invoicing, m...",10.0,https://facebook.com/clinicsense,2013.0,HOSPITAL_HEALTH_CARE,False,"Practice Management Software | ClinicSense Run and grow your health and wellness business with our all in one practice management solution. Our award winning software features appointment scheduling and reminders tools, SOAP notes, online invoicing, m...",https://www.linkedin.com/company/clinicsense,ClinicSense,,,,10000000.0,Ontario,America/Toronto,,ClinicSense,,United States of America,US,,,0x864c05dc4cd2ae25:0xb2396a885e469342,8926c8215d3ffff,/g/11vjb92f_9,33.0139807,,,"https://www.google.com/maps/place/Lydia+Jenkins+MMP/@33.0139807,-96.53876,14z/data=!4m8!1m2!2m1!1sLydia+Jenkins+MMP!3m4!1s0x864c05dc4cd2ae25:0xb2396a885e469342!8m2!3d33.0139807!4d-96.53876","https://www.google.com/maps/place/Lydia+Jenkins+MMP/@33.0139807,-96.53876,13.99z/data=!4m16!1m7!3m6!1s0x864c05dc4cd2ae25:0xb2396a885e469342!2sLydia+Jenkins+MMP!8m2!3d33.0139807!4d-96.53876!16s%2Fg%2F11ckvg1dmb!3m7!1s0x864c05dc4cd2ae25:0xb2396a885e469342!8m2!3d33.0139807!4d-96.53876!9m1!1b1!16s%2Fg%2F11ckvg1dmb?entry=ttu",https://lh3.googleusercontent.com/-raVj9--AvCc/AAAAAAAAAAI/AAAAAAAAAAA/o8XtxRIju68/s44-p-k-no-ns-nd/photo.jpg,-96.53876,,Lydia Jenkins MMP,Lydia Jenkins Mmp,,,110979056980852931711,https://www.google.com/maps/contrib/110979056980852931711,Lydia Jenkins MMP,+1 979-661-4649,,mobile,https://streetviewpixels-pa.googleapis.com/v1/thumbnail?panoid=Y98cao5MCt4P4PGzEfRu_Q&cb_client=search.gws-prod.gps&w=800&h=500&yaw=97.68847&pitch=0&thumbfov=100,2,ChIJJa7STNwFTIYRQpNGXohqObI,,,75098,,,"Massage therapist near Wylie, TX",,5.0,,,,,,,Texas,TX,101B S Ballard Ave,https://streetviewpixels-pa.googleapis.com/v1/thumbnail?panoid=Y98cao5MCt4P4PGzEfRu_Q&cb_client=search.gws-prod.gps&w=1600&h=1000&yaw=97.68847&pitch=0&thumbfov=100,Massage therapist,America/Chicago,Massage therapist,,True,https://lydiajenkinsmmp.clinicsense.com/,{'Thursday': ['9AM-5PM']},"Thursday,9AM,5PM"
"{'Accessibility': {'Wheelchair accessible entrance': True, 'Wheelchair accessible parking lot': True, 'Wheelchair accessible restroom': True}, 'Other': {'Identifies as women-owned': True}}","101 S Birmingham St, Wylie, TX 75098",False,,OPERATIONAL,,17311620747203022370,Wylie,901 Farm to Market Road 544,Wylie,United States,"Massage therapy in Wylie, Tx for superior relaxation & healthful rejuvenation. New spa also serving Murphy, Sachse, Rockwall. Appointments: 972-429-6335.",10.0,https://facebook.com/institute-of-harmonic-massage-195319414215990,2016.0,,False,"Massage therapy in Wylie, Tx for superior relaxation & healthful rejuvenation. New spa also serving Murphy, Sachse, Rockwall. Appointments: 972-429-6335.",https://www.linkedin.com/company/institute-of-harmonic-massage,Institute of Harmonic Massage,9724296335,"NEW CINGULAR WIRELESS PCS, LLC",mobile,1000000.0,TX,America/Chicago,,Balfour01243971,75098,United States of America,US,,,0x864c049a42f4403f:0xf03f3b5943518e22,8926c8214a7ffff,/g/11cs1xhqpx,33.01398,,,"https://www.google.com/maps/place/Institute+Of+Harmonic+Massage/@33.01398,-96.54088399999999,14z/data=!4m8!1m2!2m1!1sInstitute+Of+Harmonic+Massage!3m4!1s0x864c049a42f4403f:0xf03f3b5943518e22!8m2!3d33.01398!4d-96.54088399999999","https://www.google.com/maps/place/Institute+Of+Harmonic+Massage/@33.01398,-96.54088399999999,13.99z/data=!4m16!1m7!3m6!1s0x864c049a42f4403f:0xf03f3b5943518e22!2sInstitute+Of+Harmonic+Massage!8m2!3d33.01398!4d-96.54088399999999!16s%2Fg%2F11ckvg1dmb!3m7!1s0x864c049a42f4403f:0xf03f3b5943518e22!8m2!3d33.01398!4d-96.54088399999999!9m1!1b1!16s%2Fg%2F11ckvg1dmb?entry=ttu",https://lh6.googleusercontent.com/-Xna8hubfFMQ/AAAAAAAAAAI/AAAAAAAAAAA/lzfy0jim5lE/s44-p-k-no-ns-nd/photo.jpg,-96.54088399999999,,Institute Of Harmonic Massage,Institute Of Harmonic Massage,,[{'online_service_hours': {'Thursday': '9\u202fAM-5\u202fPM'}}],110386964980743090435,https://www.google.com/maps/contrib/110386964980743090435,Institute Of Harmonic Massage,+1 972-429-6335,"NEW CINGULAR WIRELESS PCS, LLC",mobile,https://lh3.googleusercontent.com/p/AF1QipPmARtwWyxoTTofAJhZaJuupvdliJoRfVb3aFmc=w800-h500-k-no,24,ChIJP0D0QpoETIYRIo5RQ1k7P_A,,,75098,,,"Massage therapist near Wylie, TX",,4.7,,,,,,,Texas,TX,101 S Birmingham St,,Massage therapist,America/Chicago,Massage therapist,,True,https://instituteofharmonicmassage.com/,{'Thursday': ['9AM-6PM']},"Thursday,9AM,6PM"
"{'Accessibility': {'Wheelchair accessible entrance': True, 'Wheelchair accessible parking lot': True}}","403 S Jackson Ave #101, Wylie, TX 75098",False,,OPERATIONAL,,9615260127956423581,Wylie,,,,"Trinity Wellness Orthopedic & Sports Massage offers advanced bodywork and massage therapy services to clients in and around Wylie, TX. Book an appointment now!",,,,,False,"Trinity Wellness Orthopedic & Sports Massage offers advanced bodywork and massage therapy services to clients in and around Wylie, TX. Book an appointment now!",,Mastersmethodology,,,,,,,,,,United States of America,US,,,0x864c048bc4c4f625:0x857044247dd1d39d,8926c8215c3ffff,/g/1hm3vddgb,33.0102344,,,"https://www.google.com/maps/place/Masters+Methodology+%28formally+Trinity+Wellness+Orthopedic+and+Sports+Massage/@33.0102344,-96.5397868,14z/data=!4m8!1m2!2m1!1sMasters+Methodology+%28formally+Trinity+Wellness+Orthopedic+and+Sports+Massage!3m4!1s0x864c048bc4c4f625:0x857044247dd1d39d!8m2!3d33.0102344!4d-96.5397868","https://www.google.com/maps/place/Masters+Methodology+%28formally+Trinity+Wellness+Orthopedic+and+Sports+Massage/@33.0102344,-96.5397868,13.99z/data=!4m16!1m7!3m6!1s0x864c048bc4c4f625:0x857044247dd1d39d!2sMasters+Methodology+%28formally+Trinity+Wellness+Orthopedic+and+Sports+Massage!8m2!3d33.0102344!4d-96.5397868!16s%2Fg%2F11ckvg1dmb!3m7!1s0x864c048bc4c4f625:0x857044247dd1d39d!8m2!3d33.0102344!4d-96.5397868!9m1!1b1!16s%2Fg%2F11ckvg1dmb?entry=ttu",https://lh6.googleusercontent.com/-7GbKtrTGBS4/AAAAAAAAAAI/AAAAAAAAAAA/8xlIofJXqUU/s44-p-k-no-ns-nd/photo.jpg,-96.5397868,,Masters Methodology (formally Trinity Wellness Orthopedic and Sports Massage,Masters Methodology Formally Trinity Wellness Orthopedic And Sports Massage,,,114598797257125838667,https://www.google.com/maps/contrib/114598797257125838667,Masters Methodology,+1 469-750-4226,"NEW CINGULAR WIRELESS PCS, LLC",mobile,https://lh3.googleusercontent.com/p/AF1QipOx3ncs1-kvOVbIoO3iafl9M67phcJvkyj_DlBf=w800-h500-k-no,11,ChIJJfbExIsETIYRndPRfSREcIU,,,75098,,,"Massage therapist near Wylie, TX",,5.0,,,,,,,Texas,TX,403 S Jackson Ave #101,,Wellness center,America/Chicago,Wellness center,,True,https://mastersmethodology.net/,{'Thursday': ['Closed']},
"{'Accessibility': {'Assistive hearing loop': False, 'Wheelchair accessible entrance': True, 'Wheelchair accessible parking lot': True, 'Wheelchair accessible restroom': True, 'Wheelchair accessible seating': False}, 'Other': {'Identifies as Asian-owned': True, 'Identifies as women-owned': True, 'LGBTQ+ friendly': True}}","2901 FM 544 Ste 160, Wylie, TX 75098",False,,OPERATIONAL,,3629760572179026301,Wylie,,,,,,,,,,,,,,,,,,,,,,United States of America,US,,,0x864c1b8edea75705:0x325f80025473117d,8926c821657ffff,/g/11mdj1x_8l,33.011835,,,"https://www.google.com/maps/place/Bless+Spa-+Head%2C+Body%26Facial/@33.011835,-96.5872229,14z/data=!4m8!1m2!2m1!1sBless+Spa-+Head%2C+Body%26Facial!3m4!1s0x864c1b8edea75705:0x325f80025473117d!8m2!3d33.011835!4d-96.5872229","https://www.google.com/maps/place/Bless+Spa-+Head%2C+Body%26Facial/@33.011835,-96.5872229,13.99z/data=!4m16!1m7!3m6!1s0x864c1b8edea75705:0x325f80025473117d!2sBless+Spa-+Head%2C+Body%26Facial!8m2!3d33.011835!4d-96.5872229!16s%2Fg%2F11ckvg1dmb!3m7!1s0x864c1b8edea75705:0x325f80025473117d!8m2!3d33.011835!4d-96.5872229!9m1!1b1!16s%2Fg%2F11ckvg1dmb?entry=ttu",https://lh3.googleusercontent.com/-1D5cTbtqE1M/AAAAAAAAAAI/AAAAAAAAAAA/yrfGZLT_VJ8/s44-p-k-no-ns-nd/photo.jpg,-96.5872229,,"Bless Spa- Head, Body&Facial",Bless Spa Head Body And Facial,,,108681306840635008410,https://www.google.com/maps/contrib/108681306840635008410,"Bless Spa- Head, Body&Facial",+1 945-387-4232,,,https://lh3.googleusercontent.com/p/AF1QipOAv9ULiWuCnZBApK2TCAeqSDglO7ytPHqWBxKN=w800-h500-k-no,74,ChIJBVen3o4bTIYRfRFzVAKAXzI,,,75098,,,"Massage therapist near Wylie, TX",,4.7,,,,,,,Texas,TX,2901 FM 544 Ste 160,,"Massage spa, Facial spa",America/Chicago,Massage spa,,True,https://blessspa.net/,{'Thursday': ['10AM-10PM']},"Thursday,10AM,10PM"
"{'Accessibility': {'Wheelchair accessible entrance': True, 'Wheelchair accessible parking lot': True}}","201 N Ballard Ave suite 102, suite 204, Wylie, TX 75098",False,,OPERATIONAL,,15852886828415476455,Wylie,,,,We assess your concerns to help determine what massage would be most beneficial to fit your specific needs.,,,,,False,We assess your concerns to help determine what massage would be most beneficial to fit your specific needs.,,Anewyoumassage,,,,,,,,,,United States of America,US,,,0x864c04b310d3ddb9:0xdc00c494082c62e7,8926c8214a7ffff,/g/11b8zr0z40,33.015421599999996,,,"https://www.google.com/maps/place/A+New+You+Massage/@33.015421599999996,-96.5391973,14z/data=!4m8!1m2!2m1!1sA+New+You+Massage!3m4!1s0x864c04b310d3ddb9:0xdc00c494082c62e7!8m2!3d33.015421599999996!4d-96.5391973","https://www.google.com/maps/place/A+New+You+Massage/@33.015421599999996,-96.5391973,13.99z/data=!4m16!1m7!3m6!1s0x864c04b310d3ddb9:0xdc00c494082c62e7!2sA+New+You+Massage!8m2!3d33.015421599999996!4d-96.5391973!16s%2Fg%2F11ckvg1dmb!3m7!1s0x864c04b310d3ddb9:0xdc00c494082c62e7!8m2!3d33.015421599999996!4d-96.5391973!9m1!1b1!16s%2Fg%2F11ckvg1dmb?entry=ttu",https://lh4.googleusercontent.com/-JE5t_c-BIIk/AAAAAAAAAAI/AAAAAAAAAAA/9_3sv2LyteE/s44-p-k-no-ns-nd/photo.jpg,-96.5391973,,A New You Massage,A New You Massage,,,114971002383537611343,https://www.google.com/maps/contrib/114971002383537611343,A New You Massage,+1 469-563-5613,"T-MOBILE USA, INC.",mobile,https://streetviewpixels-pa.googleapis.com/v1/thumbnail?panoid=FsCM9gttj4vCmlOhkl9lxQ&cb_client=search.gws-prod.gps&w=800&h=500&yaw=33.417843&pitch=0&thumbfov=100,6,ChIJud3TELMETIYR52IsCJTEANw,,,75098,,,"Massage therapist near Wylie, TX",,4.6,,,,,,,Texas,TX,"201 N Ballard Ave suite 102, suite 204",https://streetviewpixels-pa.googleapis.com/v1/thumbnail?panoid=FsCM9gttj4vCmlOhkl9lxQ&cb_client=search.gws-prod.gps&w=1600&h=1000&yaw=33.417843&pitch=0&thumbfov=100,Massage therapist,America/Chicago,Massage therapist,,True,http://anewyoumassage.me/,{'Thursday': ['10AM-8PM']},"Thursday,10AM,8PM"
"{'Accessibility': {'Wheelchair accessible entrance': True, 'Wheelchair accessible parking lot': True, 'Wheelchair accessible restroom': True}}","8040 Woodbridge Pkwy Suite 600, Sachse, TX 75048",False,,OPERATIONAL,,3324662695227434497,Sachse,8040 Woodbridge Parkway,Sachse,United States,"Massage Bliss & Cryo is a first class Med Spa & Day Spa. We offer massage, cryotherapy, chiropractor services, in Sachse/Wylie, TX. ~Where the West meets the East~",10.0,,,CONSUMER_SERVICES,False,"Massage Bliss & Cryo is a first class Med Spa & Day Spa. We offer massage, cryotherapy, chiropractor services, in Sachse/Wylie, TX. ~Where the West meets the East~",https://www.linkedin.com/company/massage-bliss-cryo,Massage Bliss & Cryo,,,,1000000.0,TX,America/Chicago,,massagebliss__,75048,United States of America,US,,,0x864c0356859421af:0x2e23931b43062601,8926c82104bffff,/g/11d_79qz7c,32.993322,,,"https://www.google.com/maps/place/Massage+Bliss+%26+Cryo/@32.993322,-96.5724037,14z/data=!4m8!1m2!2m1!1sMassage+Bliss+%26+Cryo!3m4!1s0x864c0356859421af:0x2e23931b43062601!8m2!3d32.993322!4d-96.5724037","https://www.google.com/maps/place/Massage+Bliss+%26+Cryo/@32.993322,-96.5724037,13.99z/data=!4m16!1m7!3m6!1s0x864c0356859421af:0x2e23931b43062601!2sMassage+Bliss+%26+Cryo!8m2!3d32.993322!4d-96.5724037!16s%2Fg%2F11ckvg1dmb!3m7!1s0x864c0356859421af:0x2e23931b43062601!8m2!3d32.993322!4d-96.5724037!9m1!1b1!16s%2Fg%2F11ckvg1dmb?entry=ttu",https://lh6.googleusercontent.com/-lX6xI7jHqzw/AAAAAAAAAAI/AAAAAAAAAAA/-KE6Z3vznkw/s44-p-k-no-ns-nd/photo.jpg,-96.5724037,,Massage Bliss & Cryo,Massage Bliss And Cryo,,,108845027417779629851,https://www.google.com/maps/contrib/108845027417779629851,Massage Bliss & Cryo,+1 214-425-5477,"BANDWIDTH.COM CLEC, LLC - TX",fixed line,https://lh3.googleusercontent.com/gps-cs-s/AHVAweqwu1HUSe5UUmIsHj2SV7wdwUuu12SXfHMtzb8U6Hv4B04dRH0gNP2DCxsMmuMMJwpPKBkcqY0mT4tsSNHOGvp95S6K0Y-vATj9z8bVAeWUTVFTi7qsVNsO0whdGkDE3hjvVG5kSg=w800-h500-k-no,132,ChIJryGUhVYDTIYRASYGQxuTIy4,,,75048,,,"Massage therapist near Wylie, TX",,4.9,,,,,,,Texas,TX,8040 Woodbridge Pkwy Suite 600,,"Massage therapist, Chiropractor, Medical spa, Nutritionist, Skin care clinic",America/Chicago,Massage therapist,,True,https://massageblissandcryo.com/,{'Thursday': ['9AM-8PM']},"Thursday,9AM,8PM"
"{'Accessibility': {'Wheelchair accessible entrance': True, 'Wheelchair accessible parking lot': True}}","Wylie, TX 75098",False,,OPERATIONAL,,5419285589097609244,Wylie,,,,,,,,,,,,,,,,,,,,,,United States of America,US,,,0x864c044000000015:0x4b352b87da8e781c,8926c8214a7ffff,/g/1hf3x9pd8,33.0151201,,,"https://www.google.com/maps/place/MyoTouch+Onsite+Massage/@33.0151201,-96.5388789,14z/data=!4m8!1m2!2m1!1sMyoTouch+Onsite+Massage!3m4!1s0x864c044000000015:0x4b352b87da8e781c!8m2!3d33.0151201!4d-96.5388789","https://www.google.com/maps/place/MyoTouch+Onsite+Massage/@33.0151201,-96.5388789,13.99z/data=!4m16!1m7!3m6!1s0x864c044000000015:0x4b352b87da8e781c!2sMyoTouch+Onsite+Massage!8m2!3d33.0151201!4d-96.5388789!16s%2Fg%2F11ckvg1dmb!3m7!1s0x864c044000000015:0x4b352b87da8e781c!8m2!3d33.0151201!4d-96.5388789!9m1!1b1!16s%2Fg%2F11ckvg1dmb?entry=ttu",,-96.5388789,,MyoTouch Onsite Massage,Myotouch Onsite Massage,,,,,MyoTouch Onsite Massage,+1 214-893-6963,,mobile,https://streetviewpixels-pa.googleapis.com/v1/thumbnail?panoid=RSAsp079o7scPEGwgS8MEw&cb_client=search.gws-prod.gps&w=800&h=500&yaw=98.00185&pitch=0&thumbfov=100,1,ChIJFQAAAEAETIYRHHiO2ocrNUs,,,75098,,,"Massage therapist near Wylie, TX",,5.0,,,,,,,Texas,TX,,https://streetviewpixels-pa.googleapis.com/v1/thumbnail?panoid=RSAsp079o7scPEGwgS8MEw&cb_client=search.gws-prod.gps&w=1600&h=1000&yaw=98.00185&pitch=0&thumbfov=100,Massage therapist,America/Chicago,Massage therapist,,False,,,
{'Accessibility': {'Wheelchair accessible parking lot': True}},"2260 FM1378 ste 104, Wylie, TX 75098",False,,OPERATIONAL,,7552480426641321736,Wylie,,,,,,,,,,,,,,,,,,,,,,United States of America,US,,,0x864c05acb9a254ad:0x68cfcceeeb0bef08,8926c838d23ffff,/g/11lz8rdv7l,33.0484052,,,"https://www.google.com/maps/place/St.+Paul+Spa/@33.0484052,-96.56795439999999,14z/data=!4m8!1m2!2m1!1sSt.+Paul+Spa!3m4!1s0x864c05acb9a254ad:0x68cfcceeeb0bef08!8m2!3d33.0484052!4d-96.56795439999999","https://www.google.com/maps/place/St.+Paul+Spa/@33.0484052,-96.56795439999999,13.99z/data=!4m16!1m7!3m6!1s0x864c05acb9a254ad:0x68cfcceeeb0bef08!2sSt.+Paul+Spa!8m2!3d33.0484052!4d-96.56795439999999!16s%2Fg%2F11ckvg1dmb!3m7!1s0x864c05acb9a254ad:0x68cfcceeeb0bef08!8m2!3d33.0484052!4d-96.56795439999999!9m1!1b1!16s%2Fg%2F11ckvg1dmb?entry=ttu",https://lh5.googleusercontent.com/-MC1KfF0dpzA/AAAAAAAAAAI/AAAAAAAAAAA/8lJN3sfCJBs/s44-p-k-no-ns-nd/photo.jpg,-96.56795439999999,,St. Paul Spa,St Paul Spa,,,111261834231115921625,https://www.google.com/maps/contrib/111261834231115921625,St. Paul Spa,+1 945-344-2505,AT&T,mobile,https://lh3.googleusercontent.com/p/AF1QipOIZHTecjEuLlBo7acUQAUIvvws156xCu20jhsk=w800-h500-k-no,9,ChIJrVSiuawFTIYRCO8L6-7Mz2g,,,75098,,,"Massage therapist near Wylie, TX",,4.7,,,,,,,Texas,TX,2260 FM1378 ste 104,,Massage spa,America/Chicago,Massage spa,,True,,{'Thursday': ['10AM-9:30PM']},"Thursday,10AM,9:30PM"
