name,name_for_emails,subtypes,category,phone,phone.whitepages_phones.lookup_type,phone.whitepages_phones.name,website,address,street,city,state_code,postal_code,rating,reviews,verified,email_1,email_1.emails_validator.status,email_1_full_name,email_1_first_name,email_1_last_name,email_1_title,email_2,email_2.emails_validator.status,phone_1,phone_1.whitepages_phones.lookup_type,phone_1.whitepages_phones.name,phone_1.whitepages_phones.phone_type,phone_2,phone_2.whitepages_phones.lookup_type,facebook,instagram,linkedin,company_insights.employees,company_insights.revenue,company_insights.industry,phone_normalized,niche
Mr. Electric of Dallas,Mr Electric Of Dallas,"Electrician, Electrical installation service, Electrical repair shop",Electrician,+1 469-634-0316,,,https://www.mrelectricdallas.com/,"8500 N Stemmons Fwy Suite #3024, Dallas, TX 75247",8500 N Stemmons Fwy Suite #3024,Dallas,TX,75247,4.8,1195,True,,,,,,,,,,,,,,,,,,,,,+14696340316,electricians
Mr. Electric of Dallas,Mr Electric Of Dallas,"Electrician, Electrical installation service, Electrical repair shop",Electrician,+1 469-634-0316,,,https://www.mrelectricdallas.com/,"8500 N Stemmons Fwy Suite #3024, Dallas, TX 75247",8500 N Stemmons Fwy Suite #3024,Dallas,TX,75247,4.8,1195,True,,,,,,,,,,,,,,,,,,,,,+14696340316,electricians
Douglas Electrical Services,Douglas Electrical Services,Electrician,Electrician,+1 817-657-1341,,,https://www.douglaselectricalservices.net/,"731 N Commerce St, Fort Worth, TX 76164",731 N Commerce St,Fort Worth,TX,76164,4.9,135,True,,,,,,,,,,,,,,,,,,,,CONSTRUCTION,+18176571341,electricians
Electrician On Call,Electrician On Call,"Electrician, Air conditioning contractor, Air conditioning repair service, HVAC contractor",Electrician,+1 214-235-7251,person,David M Jones,https://www.electricianoncall.com/,"6703 Levelland Rd Suite B, Dallas, TX 75252",6703 Levelland Rd Suite B,Dallas,TX,75252,4.9,697,True,,,,,,,,,,,,,,,,,,50,10000000,CONSTRUCTION,+12142357251,electricians
Electrician On Call,Electrician On Call,"Electrician, Air conditioning contractor, Air conditioning repair service, HVAC contractor",Electrician,+1 214-235-7251,person,David M Jones,https://www.electricianoncall.com/,"6703 Levelland Rd Suite B, Dallas, TX 75252",6703 Levelland Rd Suite B,Dallas,TX,75252,4.9,697,True,,,,,,,,,,,,,,,,,,50,10000000,CONSTRUCTION,+12142357251,electricians
Electrician On Call,Electrician On Call,"Electrician, Air conditioning contractor, Air conditioning repair service, HVAC contractor",Electrician,+1 214-235-7251,person,David M Jones,https://www.electricianoncall.com/,"6703 Levelland Rd Suite B, Dallas, TX 75252",6703 Levelland Rd Suite B,Dallas,TX,75252,4.9,697,True,,,,,,,,,,,,,,,,,,50,10000000,CONSTRUCTION,+12142357251,electricians
ElectricMan,Electricman,Electrician,Electrician,+1 972-362-1804,person,Alexandra J Waldron,https://www.electricmaninc.com/,"13551 Floyd Cir, Dallas, TX 75243",13551 Floyd Cir,Dallas,TX,75243,4.8,570,True,,,,,,,,,,,,,,,,,,25,10000000,CONSTRUCTION,+19723621804,electricians
ElectricMan,Electricman,Electrician,Electrician,+1 972-362-1804,person,Alexandra J Waldron,https://www.electricmaninc.com/,"13551 Floyd Cir, Dallas, TX 75243",13551 Floyd Cir,Dallas,TX,75243,4.8,570,True,,,,,,,,,,,,,,,,,,25,10000000,CONSTRUCTION,+19723621804,electricians
ElectricMan,Electricman,Electrician,Electrician,+1 972-362-1804,person,Alexandra J Waldron,https://www.electricmaninc.com/,"13551 Floyd Cir, Dallas, TX 75243",13551 Floyd Cir,Dallas,TX,75243,4.8,570,True,,,,,,,,,,,,,,,,,,25,10000000,CONSTRUCTION,+19723621804,electricians
B&B Electric,B And B Electric,"Electrician, Contractor",Electrician,+1 817-600-8376,business,B&b Electric,http://www.bnb-electric.com/,"1361 W Euless Blvd Suite 111, Euless, TX 76040",1361 W Euless Blvd Suite 111,Euless,TX,76040,5,214,True,,,,,,,,,,,,,,,,,,,,CONSTRUCTION,+18176008376,electricians
Mister Sparky Electrician DFW,Mister Sparky Electrician Dfw,"Electrician, Electrical installation service, Electrical repair shop, Lighting store, Lighting products wholesaler",Electrician,+1 214-613-0481,business,Mister Sparky,https://www.mistersparky-dfw.com/%3Futm_source%3Dlocalfx%26utm_medium%3Dorganic%26utm_campaign%3Dlocalfx,"4827 W Royal Ln Suite B, Irving, TX 75063",4827 W Royal Ln Suite B,Irving,TX,75063,4.9,911,True,,,,,,,,,,,,,,,,,,50,10000000,,+12146130481,electricians
Mister Sparky Electrician DFW,Mister Sparky Electrician Dfw,"Electrician, Electrical installation service, Electrical repair shop, Lighting store, Lighting products wholesaler",Electrician,+1 214-613-0481,business,Mister Sparky,https://www.mistersparky-dfw.com/%3Futm_source%3Dlocalfx%26utm_medium%3Dorganic%26utm_campaign%3Dlocalfx,"4827 W Royal Ln Suite B, Irving, TX 75063",4827 W Royal Ln Suite B,Irving,TX,75063,4.9,911,True,,,,,,,,,,,,,,,,,,50,10000000,,+12146130481,electricians
EMSR Electrical Contractors,Emsr Electrical Contractors,"Electrician, Electrical engineer",Electrician,+1 817-401-7841,person,Michael Placencio Knight,https://emsr-ec.com/dallas-texas-electrical-contractor/,"2626 Cole Ave suit 300, Dallas, TX 75204",2626 Cole Ave suit 300,Dallas,TX,75204,4.9,29,True,,,,,,,,,,,,,,,,,,10,1000000,CONSTRUCTION,+18174017841,electricians
EMSR Electrical Contractors,Emsr Electrical Contractors,"Electrician, Electrical engineer",Electrician,+1 817-401-7841,person,Michael Placencio Knight,https://emsr-ec.com/dallas-texas-electrical-contractor/,"2626 Cole Ave suit 300, Dallas, TX 75204",2626 Cole Ave suit 300,Dallas,TX,75204,4.9,29,True,,,,,,,,,,,,,,,,,,10,1000000,CONSTRUCTION,+18174017841,electricians
Mr. Electric of Fort Worth,Mr Electric Of Fort Worth,Electrician,Electrician,+1 817-585-2993,,,https://www.mrelectricfortworth.com/,"5608 Malvey Ave #212, Fort Worth, TX 76107",5608 Malvey Ave #212,Fort Worth,TX,76107,4.8,1653,True,,,,,,,,,,,,,,,,,,,,,+18175852993,electricians
Buffalo Electric,Buffalo Electric,"Electrician, Lighting consultant",Electrician,+1 817-252-4847,,,https://buffaloelectricdfw.com/,"2353 Brennan Ave, Fort Worth, TX 76106",2353 Brennan Ave,Fort Worth,TX,76106,4.9,59,True,,,,,,,,,,,,,,,,,,,,,+18172524847,electricians
Buffalo Electric,Buffalo Electric,"Electrician, Lighting consultant",Electrician,+1 817-252-4847,,,https://buffaloelectricdfw.com/,"2353 Brennan Ave, Fort Worth, TX 76106",2353 Brennan Ave,Fort Worth,TX,76106,4.9,59,True,,,,,,,,,,,,,,,,,,,,,+18172524847,electricians
TopTech Electric & Plumbing,Toptech Electric And Plumbing,"Electrician, Contractor, Drainage service, Electrical installation service, Home automation company, Plumber, Repair service",Electrician,+1 682-292-7059,,,https://www.calltoptech.com/%3Futm_campaign%3Dgmb,"7415 Whitehall St #119, Richland Hills, TX 76118",7415 Whitehall St #119,Richland Hills,TX,76118,4.9,1595,True,,,,,,,,,,,,,,,,,,10,1000000,CONSTRUCTION,+16822927059,electricians
TLC Electrical,Tlc Electrical,"Electrician, Electric vehicle charging station, Electrical repair shop, Lighting contractor",Electrician,+1 817-608-7113,,,https://www.tlcelectrical.com/%3Futm_source%3Dgoogle%26utm_medium%3Dgbp,"2812 Market Loop, Southlake, TX 76092",2812 Market Loop,Southlake,TX,76092,4.7,894,True,,,,,,,,,,,,,,,,,,50,10000000,ELECTRICAL_ELECTRONIC_MANUFACTURING,+18176087113,electricians
TLC Electrical,Tlc Electrical,"Electrician, Electric vehicle charging station, Electrical repair shop, Lighting contractor",Electrician,+1 817-608-7113,,,https://www.tlcelectrical.com/%3Futm_source%3Dgoogle%26utm_medium%3Dgbp,"2812 Market Loop, Southlake, TX 76092",2812 Market Loop,Southlake,TX,76092,4.7,894,True,,,,,,,,,,,,,,,,,,50,10000000,ELECTRICAL_ELECTRONIC_MANUFACTURING,+18176087113,electricians
TLC Electrical,Tlc Electrical,"Electrician, Electric vehicle charging station, Electrical repair shop, Lighting contractor",Electrician,+1 817-608-7113,,,https://www.tlcelectrical.com/%3Futm_source%3Dgoogle%26utm_medium%3Dgbp,"2812 Market Loop, Southlake, TX 76092",2812 Market Loop,Southlake,TX,76092,4.7,894,True,,,,,,,,,,,,,,,,,,50,10000000,ELECTRICAL_ELECTRONIC_MANUFACTURING,+18176087113,electricians
"A.V.A. Electric, LLC",A V A Electric,Electrician,Electrician,+1 314-960-9446,,,http://ava-electric.com/,"7845 Kermit Ave, Fort Worth, TX 76116",7845 Kermit Ave,Fort Worth,TX,76116,5,52,True,,,,,,,,,,,,,,,,,,,,,+13149609446,electricians
All Spark Electric,All Spark Electric,Electrician,Electrician,+1 214-789-5114,,,https://callallsparkelectric.com/,"1007 Horse Creek Rd Suite 3, Crowley, TX 76036",1007 Horse Creek Rd Suite 3,Crowley,TX,76036,5,96,True,,,,,,,,,,,,,,,,,,6,923,"Construction, Construction Management",+12147895114,electricians
All Spark Electric,All Spark Electric,Electrician,Electrician,+1 214-789-5114,,,https://callallsparkelectric.com/,"1007 Horse Creek Rd Suite 3, Crowley, TX 76036",1007 Horse Creek Rd Suite 3,Crowley,TX,76036,5,96,True,,,,,,,,,,,,,,,,,,6,923,"Construction, Construction Management",+12147895114,electricians
Brown Electric,Brown Electric,Electrician,Electrician,+1 817-905-3601,,,https://www.brown-electric.com/,"10964 Silver Horn Dr, Fort Worth, TX 76108",10964 Silver Horn Dr,Fort Worth,TX,76108,4.9,97,True,,,,,,,,,,,,,,,,,,,,,+18179053601,electricians
Tiger Strike Electric,Tiger Strike Electric,Electrician,Electrician,+1 682-408-8261,,,https://www.tigerstrikeelectric.com/,"4699 Fossil Vista Dr #6311, Haltom City, TX 76137",4699 Fossil Vista Dr #6311,Haltom City,TX,76137,5,82,True,,,,,,,,,,,,,,,,,,,,,+16824088261,electricians
"Independent Electrical Contractors, Fort Worth Chapter, Inc.",Independent Electrical Contractors Fort Worth Chapter,"Non-profit organization, Apprenticeship center, Trade school",Non-profit organization,+1 817-496-8422,person,Marcie Funchess,https://www.iecfwtc.org/,"5809 E Berry St, Fort Worth, TX 76119",5809 E Berry St,Fort Worth,TX,76119,4.2,64,True,,,,,,,,,,,,,,,,,,200,1000000,CIVIC_SOCIAL_ORGANIZATION,+18174968422,electricians
"Independent Electrical Contractors, Fort Worth Chapter, Inc.",Independent Electrical Contractors Fort Worth Chapter,"Non-profit organization, Apprenticeship center, Trade school",Non-profit organization,+1 817-496-8422,person,Marcie Funchess,https://www.iecfwtc.org/,"5809 E Berry St, Fort Worth, TX 76119",5809 E Berry St,Fort Worth,TX,76119,4.2,64,True,,,,,,,,,,,,,,,,,,200,1000000,CIVIC_SOCIAL_ORGANIZATION,+18174968422,electricians
"Independent Electrical Contractors, Fort Worth Chapter, Inc.",Independent Electrical Contractors Fort Worth Chapter,"Non-profit organization, Apprenticeship center, Trade school",Non-profit organization,+1 817-496-8422,person,Marcie Funchess,https://www.iecfwtc.org/,"5809 E Berry St, Fort Worth, TX 76119",5809 E Berry St,Fort Worth,TX,76119,4.2,64,True,,,,,,,,,,,,,,,,,,200,1000000,CIVIC_SOCIAL_ORGANIZATION,+18174968422,electricians
eSparks Electricals,Esparks Electricals,Electrician,Electrician,+1 424-900-6382,,,https://esparks-electricals.ueniweb.com/%3Futm_campaign%3Dgmb,"112 Main St, Fort Worth, TX 76102",112 Main St,Fort Worth,TX,76102,5,19,True,,,,,,,,,,,,,,,,,,200,50000000,COMPUTER_SOFTWARE,+14249006382,electricians
Arrow Electric,Arrow Electric,"Electrician, Contractor, Electrical installation service",Electrician,+1 972-926-7007,person,Yvette Lynn Thacker,https://arrowelectric.net/,"2903 National Dr, Garland, TX 75041",2903 National Dr,Garland,TX,75041,4.9,815,True,,,,,,,,,,,,,,,,,,50,1000000,CONSTRUCTION,+19729267007,electricians
Arrow Electric,Arrow Electric,"Electrician, Contractor, Electrical installation service",Electrician,+1 972-926-7007,person,Yvette Lynn Thacker,https://arrowelectric.net/,"2903 National Dr, Garland, TX 75041",2903 National Dr,Garland,TX,75041,4.9,815,True,,,,,,,,,,,,,,,,,,50,1000000,CONSTRUCTION,+19729267007,electricians
Arrow Electric,Arrow Electric,"Electrician, Contractor, Electrical installation service",Electrician,+1 972-926-7007,person,Yvette Lynn Thacker,https://arrowelectric.net/,"2903 National Dr, Garland, TX 75041",2903 National Dr,Garland,TX,75041,4.9,815,True,,,,,,,,,,,,,,,,,,50,1000000,CONSTRUCTION,+19729267007,electricians
All Safe Electric,All Safe Electric,"Electrician, Air conditioning contractor, Heating contractor, HVAC contractor",Electrician,+1 972-230-9200,person,Kimberly D Nebb,http://www.callallsafe.com/,"630 Franklin St, DeSoto, TX 75115",630 Franklin St,DeSoto,TX,75115,4.9,407,True,,,,,,,,,,,,,,,,,,,,,+19722309200,electricians
Hernandez Electrical Services Inc.,Hernandez Electrical Services,"Electrician, Lighting contractor",Electrician,+1 972-313-3885,person,Marlea M Hernandez,http://www.hernandezelectrical.com/,"118 Irby Ln, Irving, TX 75061",118 Irby Ln,Irving,TX,75061,4.7,83,True,,,,,,,,,,,,,,,,,,10,1000000,,+19723133885,electricians
Hernandez Electrical Services Inc.,Hernandez Electrical Services,"Electrician, Lighting contractor",Electrician,+1 972-313-3885,person,Marlea M Hernandez,http://www.hernandezelectrical.com/,"118 Irby Ln, Irving, TX 75061",118 Irby Ln,Irving,TX,75061,4.7,83,True,,,,,,,,,,,,,,,,,,10,1000000,,+19723133885,electricians
Bright Light Electric,Bright Light Electric,"Electrician, Electrical installation service",Electrician,+1 214-553-5333,,,https://www.brightlightec.com/,"9932 Lakedale Dr, Dallas, TX 75218",9932 Lakedale Dr,Dallas,TX,75218,5,171,True,,,,,,,,,,,,,,,,,,50,10000000,,+12145535333,electricians
Bright Light Electric,Bright Light Electric,"Electrician, Electrical installation service",Electrician,+1 214-553-5333,,,https://www.brightlightec.com/,"9932 Lakedale Dr, Dallas, TX 75218",9932 Lakedale Dr,Dallas,TX,75218,5,171,True,,,,,,,,,,,,,,,,,,50,10000000,,+12145535333,electricians
Panther City Electric,Panther City Electric,Electrician,Electrician,+1 682-333-8704,,,https://panthercityelectric.com/,"3904 Van Deman Dr, Benbrook, TX 76116",3904 Van Deman Dr,Benbrook,TX,76116,5,50,True,,,,,,,,,,,,,,,,,,,,,+16823338704,electricians
Gear Electrical Contractors,Gear Electrical Contractors,"Electrician, Electrical engineer, Electrical installation service, Electrical repair shop, Lighting contractor",Electrician,+1 817-904-5397,,,https://mr-handyelectric.com/Fort-Worth,"5709 Azle Ave, Fort Worth, TX 76114",5709 Azle Ave,Fort Worth,TX,76114,5,14,True,,,,,,,,,,,,,,,,,,,,,+18179045397,electricians
Enlight Electric,Enlight Electric,Electrician,Electrician,+1 817-808-1323,person,John T Addicks,https://www.enlightelectrictx.com/,"417 Foxcraft Dr, Fort Worth, TX 76131",417 Foxcraft Dr,Fort Worth,TX,76131,5,67,True,,,,,,,,,,,,,,,,,,,,CONSTRUCTION,+18178081323,electricians
Enlight Electric,Enlight Electric,Electrician,Electrician,+1 817-808-1323,person,John T Addicks,https://www.enlightelectrictx.com/,"417 Foxcraft Dr, Fort Worth, TX 76131",417 Foxcraft Dr,Fort Worth,TX,76131,5,67,True,,,,,,,,,,,,,,,,,,,,CONSTRUCTION,+18178081323,electricians
Elizondo Electric,Elizondo Electric,Electrician,Electrician,+1 214-434-4122,,,http://elizondoelectric.net/,"855 n master, 8118 Melinda Ln, Dallas, TX 75217","855 n master, 8118 Melinda Ln",Dallas,TX,75217,4.8,47,True,,,,,,,,,,,,,,,,,,,,CONSTRUCTION,+12144344122,electricians
Peerless Electric,Peerless Electric,"Electrician, Electric vehicle charging station contractor, Lamp repair service",Electrician,+1 817-373-5720,,,https://www.peerlesselectricdfw.com/,"1004 Highland Dr, Euless, TX 76040",1004 Highland Dr,Euless,TX,76040,5,101,True,,,,,,,,,,,,,,,,,,50,10000000,CONSTRUCTION,+18173735720,electricians
Peerless Electric,Peerless Electric,"Electrician, Electric vehicle charging station contractor, Lamp repair service",Electrician,+1 817-373-5720,,,https://www.peerlesselectricdfw.com/,"1004 Highland Dr, Euless, TX 76040",1004 Highland Dr,Euless,TX,76040,5,101,True,,,,,,,,,,,,,,,,,,50,10000000,CONSTRUCTION,+18173735720,electricians
Dodson Electric,Dodson Electric,Electrician,Electrician,+1 817-409-8918,person,Chris P Dodson,https://www.dodsonelectric.com/,"1130 Blue Mound Rd W Suite 300, Haslet, TX 76052",1130 Blue Mound Rd W Suite 300,Haslet,TX,76052,4.9,190,True,,,,,,,,,,,,,,,,,,10,1000000,,+18174098918,electricians
Dodson Electric,Dodson Electric,Electrician,Electrician,+1 817-409-8918,person,Chris P Dodson,https://www.dodsonelectric.com/,"1130 Blue Mound Rd W Suite 300, Haslet, TX 76052",1130 Blue Mound Rd W Suite 300,Haslet,TX,76052,4.9,190,True,,,,,,,,,,,,,,,,,,10,1000000,,+18174098918,electricians
Dodson Electric,Dodson Electric,Electrician,Electrician,+1 817-409-8918,person,Chris P Dodson,https://www.dodsonelectric.com/,"1130 Blue Mound Rd W Suite 300, Haslet, TX 76052",1130 Blue Mound Rd W Suite 300,Haslet,TX,76052,4.9,190,True,,,,,,,,,,,,,,,,,,10,1000000,,+18174098918,electricians
W3 Electric,W3 Electric,Electrician,Electrician,+1 214-432-1383,person,Marco F Parada,https://www.callw3.com/,"17250 Dallas Pkwy Suite G, Dallas, TX 75248",17250 Dallas Pkwy Suite G,Dallas,TX,75248,5,340,True,,,,,,,,,,,,,,,,,,25,,,+12144321383,electricians
W3 Electric,W3 Electric,Electrician,Electrician,+1 214-432-1383,person,Marco F Parada,https://www.callw3.com/,"17250 Dallas Pkwy Suite G, Dallas, TX 75248",17250 Dallas Pkwy Suite G,Dallas,TX,75248,5,340,True,,,,,,,,,,,,,,,,,,25,,,+12144321383,electricians
W3 Electric,W3 Electric,Electrician,Electrician,+1 214-432-1383,person,Marco F Parada,https://www.callw3.com/,"17250 Dallas Pkwy Suite G, Dallas, TX 75248",17250 Dallas Pkwy Suite G,Dallas,TX,75248,5,340,True,,,,,,,,,,,,,,,,,,25,,,+12144321383,electricians
Cross Electric,Cross Electric,"Electrician, Electrical installation service, Electric generator shop",Electrician,+1 817-847-7111,person,Brandon Stephen Cross,https://www.crosselectricllc.com/%3Futm_source%3Dgoogle%26utm_medium%3Dorganic%26utm_campaign%3Dgbp,"9227 Live Oak Ln, Fort Worth, TX 76179",9227 Live Oak Ln,Fort Worth,TX,76179,4.9,611,True,,,,,,,,,,,,,,,,,,,,,+18178477111,electricians
Gravity Electric,Gravity Electric,Electrician,Electrician,+1 469-833-2891,person,Dennis J Ellison Jr,http://gravityservicesmep.com/,"13355 Noel Rd Ste 1450, Dallas, TX 75240",13355 Noel Rd Ste 1450,Dallas,TX,75240,4.6,33,True,,,,,,,,,,,,,,,,,,,,,+14698332891,electricians
Epic Electrical,Epic Electrical,"Electrician, Contractor, Electrical installation service",Electrician,+1 682-478-6088,,,https://epicelectrical.com/,"7304 Hialeah Cir W, North Richland Hills, TX 76182",7304 Hialeah Cir W,North Richland Hills,TX,76182,5,115,True,,,,,,,,,,,,,,,,,,50,10000000,CONSTRUCTION,+16824786088,electricians
Epic Electrical,Epic Electrical,"Electrician, Contractor, Electrical installation service",Electrician,+1 682-478-6088,,,https://epicelectrical.com/,"7304 Hialeah Cir W, North Richland Hills, TX 76182",7304 Hialeah Cir W,North Richland Hills,TX,76182,5,115,True,,,,,,,,,,,,,,,,,,50,10000000,CONSTRUCTION,+16824786088,electricians
5th Generation Electric LLC,5Th Generation Electric,Electrician,Electrician,+1 214-728-1977,person,Edward A Nichols,http://www.5thgenelectric.com/,"1515 N Town E Blvd, Mesquite, TX 75150",1515 N Town E Blvd,Mesquite,TX,75150,4.9,191,True,,,,,,,,,,,,,,,,,,50,10000000,,+12147281977,electricians
5th Generation Electric LLC,5Th Generation Electric,Electrician,Electrician,+1 214-728-1977,person,Edward A Nichols,http://www.5thgenelectric.com/,"1515 N Town E Blvd, Mesquite, TX 75150",1515 N Town E Blvd,Mesquite,TX,75150,4.9,191,True,,,,,,,,,,,,,,,,,,50,10000000,,+12147281977,electricians
Matrix Electric,Matrix Electric,Electrician,Electrician,+1 469-253-2564,,,https://www.matrixelectriccompany.com/,"1406 Rodeo Center Blvd, Mesquite, TX 75149",1406 Rodeo Center Blvd,Mesquite,TX,75149,4.9,93,True,,,,,,,,,,,,,,,,,,,,Electrical Services,+14692532564,electricians
Tarrant Electric,Tarrant Electric,"Electrician, Electric vehicle charging station contractor, Electrical installation service, Electrical repair shop, Electric generator shop",Electrician,+1 817-839-8271,,,https://www.tarrantcountyelectric.com/,"4416 Glenview Dr, Haltom City, TX 76117",4416 Glenview Dr,Haltom City,TX,76117,4.8,91,True,,,,,,,,,,,,,,,,,,,,,+18178398271,electricians
Tarrant Electric,Tarrant Electric,"Electrician, Electric vehicle charging station contractor, Electrical installation service, Electrical repair shop, Electric generator shop",Electrician,+1 817-839-8271,,,https://www.tarrantcountyelectric.com/,"4416 Glenview Dr, Haltom City, TX 76117",4416 Glenview Dr,Haltom City,TX,76117,4.8,91,True,,,,,,,,,,,,,,,,,,,,,+18178398271,electricians
Daniel Electric Co,Daniel Electric,"Electrician, Contractor",Electrician,+1 817-481-8606,person,Daniel M Taliaferro,http://www.danielelectric.net/,"500 Kimball Ave #102, Southlake, TX 76092",500 Kimball Ave #102,Southlake,TX,76092,4.9,712,True,,,,,,,,,,,,,,,,,,25,50000000,CONSTRUCTION,+18174818606,electricians
Daniel Electric Co,Daniel Electric,"Electrician, Contractor",Electrician,+1 817-481-8606,person,Daniel M Taliaferro,http://www.danielelectric.net/,"500 Kimball Ave #102, Southlake, TX 76092",500 Kimball Ave #102,Southlake,TX,76092,4.9,712,True,,,,,,,,,,,,,,,,,,25,50000000,CONSTRUCTION,+18174818606,electricians
Daniel Electric Co,Daniel Electric,"Electrician, Contractor",Electrician,+1 817-481-8606,person,Daniel M Taliaferro,http://www.danielelectric.net/,"500 Kimball Ave #102, Southlake, TX 76092",500 Kimball Ave #102,Southlake,TX,76092,4.9,712,True,,,,,,,,,,,,,,,,,,25,50000000,CONSTRUCTION,+18174818606,electricians
"Team Enoch: Electric, Plumbing, Air, Roofing",Team Enoch: Electric Plumbing Air Roofing,"Air conditioning repair service, Air conditioning contractor, HVAC contractor",Air conditioning repair service,+1 817-769-3712,,,https://teamenoch.com/hvac-fort-worth-tx/%3Futm_source%3Darlingtongmb%26utm_medium%3DOrganic,"8940 Creek Run Rd, Fort Worth, TX 76120",8940 Creek Run Rd,Fort Worth,TX,76120,4.9,1049,True,,,,,,,,,,,,,,,,,,50,10000000,CONSTRUCTION,+18177693712,electricians
"Team Enoch: Electric, Plumbing, Air, Roofing",Team Enoch: Electric Plumbing Air Roofing,"Air conditioning repair service, Air conditioning contractor, HVAC contractor",Air conditioning repair service,+1 817-769-3712,,,https://teamenoch.com/hvac-fort-worth-tx/%3Futm_source%3Darlingtongmb%26utm_medium%3DOrganic,"8940 Creek Run Rd, Fort Worth, TX 76120",8940 Creek Run Rd,Fort Worth,TX,76120,4.9,1049,True,,,,,,,,,,,,,,,,,,50,10000000,CONSTRUCTION,+18177693712,electricians
"Team Enoch: Electric, Plumbing, Air, Roofing",Team Enoch: Electric Plumbing Air Roofing,"Air conditioning repair service, Air conditioning contractor, HVAC contractor",Air conditioning repair service,+1 817-769-3712,,,https://teamenoch.com/hvac-fort-worth-tx/%3Futm_source%3Darlingtongmb%26utm_medium%3DOrganic,"8940 Creek Run Rd, Fort Worth, TX 76120",8940 Creek Run Rd,Fort Worth,TX,76120,4.9,1049,True,,,,,,,,,,,,,,,,,,50,10000000,CONSTRUCTION,+18177693712,electricians
Hop2It Electrical Repair,Hop2It Electrical Repair,"Electrician, Electric vehicle charging station contractor, Electrical installation service, Landscape lighting designer, Lighting consultant, Lighting contractor",Electrician,+1 817-373-5093,,,https://callhop2it.com/%3Futm_source%3Dgoogle%26utm_medium%3Dorganic%26utm_campaign%3Dgoogle-business-profile%26utm_content%3Dnorth-richland-hills,"7510 Davis Blvd ste a, North Richland Hills, TX 76182",7510 Davis Blvd ste a,North Richland Hills,TX,76182,4.9,1362,True,,,,,,,,,,,,,,,,,,,,,+18173735093,electricians
Hop2It Electrical Repair,Hop2It Electrical Repair,"Electrician, Electric vehicle charging station contractor, Electrical installation service, Landscape lighting designer, Lighting consultant, Lighting contractor",Electrician,+1 817-373-5093,,,https://callhop2it.com/%3Futm_source%3Dgoogle%26utm_medium%3Dorganic%26utm_campaign%3Dgoogle-business-profile%26utm_content%3Dnorth-richland-hills,"7510 Davis Blvd ste a, North Richland Hills, TX 76182",7510 Davis Blvd ste a,North Richland Hills,TX,76182,4.9,1362,True,,,,,,,,,,,,,,,,,,,,,+18173735093,electricians
Hop2It Electrical Repair,Hop2It Electrical Repair,"Electrician, Electric vehicle charging station contractor, Electrical installation service, Landscape lighting designer, Lighting consultant, Lighting contractor",Electrician,+1 817-373-5093,,,https://callhop2it.com/%3Futm_source%3Dgoogle%26utm_medium%3Dorganic%26utm_campaign%3Dgoogle-business-profile%26utm_content%3Dnorth-richland-hills,"7510 Davis Blvd ste a, North Richland Hills, TX 76182",7510 Davis Blvd ste a,North Richland Hills,TX,76182,4.9,1362,True,,,,,,,,,,,,,,,,,,,,,+18173735093,electricians
Huggins Electric,Huggins Electric,"Electrician, Contractor",Electrician,+1 817-626-3336,person,Arthur W Huggins,http://hugginselectric.com/,"5900 Huddleston St, Fort Worth, TX 76137",5900 Huddleston St,Fort Worth,TX,76137,4.4,59,True,,,,,,,,,,,,,,,,,,,,,+18176263336,electricians
PMC Electric LLC,Pmc Electric,Electrician,Electrician,+1 682-414-3213,,,https://pmcelectricllc.com/,"777 Main St, Fort Worth, TX 76102",777 Main St,Fort Worth,TX,76102,5,26,True,,,,,,,,,,,,,,,,,,,,,+16824143213,electricians
S&R Electrical Contractor LLC,S And R Electrical Contractor,Electrician,Electrician,+1 214-907-6761,,,http://www.eleseco.com/,"1816 Hickory Dr, Haltom City, TX 76117",1816 Hickory Dr,Haltom City,TX,76117,4.9,98,True,,,,,,,,,,,,,,,,,,,,,+12149076761,electricians
S&R Electrical Contractor LLC,S And R Electrical Contractor,Electrician,Electrician,+1 214-907-6761,,,http://www.eleseco.com/,"1816 Hickory Dr, Haltom City, TX 76117",1816 Hickory Dr,Haltom City,TX,76117,4.9,98,True,,,,,,,,,,,,,,,,,,,,,+12149076761,electricians
S&R Electrical Contractor LLC,S And R Electrical Contractor,Electrician,Electrician,+1 214-907-6761,,,http://www.eleseco.com/,"1816 Hickory Dr, Haltom City, TX 76117",1816 Hickory Dr,Haltom City,TX,76117,4.9,98,True,,,,,,,,,,,,,,,,,,,,,+12149076761,electricians
A1 Electrician Services,A1 Electrician Services,Electrician,Electrician,+1 817-717-2361,,,https://a1-electrician-services.ueniweb.com/%3Futm_campaign%3Dgmb,"600 Houston St, Fort Worth, TX 76102",600 Houston St,Fort Worth,TX,76102,4.8,22,True,,,,,,,,,,,,,,,,,,200,50000000,COMPUTER_SOFTWARE,+18177172361,electricians
EMSR - Electrical Contractors - Fort Worth,Emsr Electrical Contractors Fort Worth,Electrician,Electrician,+1 817-401-7841,person,Michael Placencio Knight,https://emsr-ec.com/,"640 Taylor St Suite 1200, Fort Worth, TX 76102",640 Taylor St Suite 1200,Fort Worth,TX,76102,5,5,True,,,,,,,,,,,,,,,,,,10,1000000,CONSTRUCTION,+18174017841,electricians
EMSR - Electrical Contractors - Fort Worth,Emsr Electrical Contractors Fort Worth,Electrician,Electrician,+1 817-401-7841,person,Michael Placencio Knight,https://emsr-ec.com/,"640 Taylor St Suite 1200, Fort Worth, TX 76102",640 Taylor St Suite 1200,Fort Worth,TX,76102,5,5,True,,,,,,,,,,,,,,,,,,10,1000000,CONSTRUCTION,+18174017841,electricians
"Clements Electric Texas, LLC",Clements Electric Texas,Electrician,Electrician,+1 817-803-4444,,,https://www.clementselectric.com/,"4409 Chaparral Ct, Alvarado, TX 76009",4409 Chaparral Ct,Alvarado,TX,76009,4.7,501,True,,,,,,,,,,,,,,,,,,10,10000000,,+18178034444,electricians
"Clements Electric Texas, LLC",Clements Electric Texas,Electrician,Electrician,+1 817-803-4444,,,https://www.clementselectric.com/,"4409 Chaparral Ct, Alvarado, TX 76009",4409 Chaparral Ct,Alvarado,TX,76009,4.7,501,True,,,,,,,,,,,,,,,,,,10,10000000,,+18178034444,electricians
"Clements Electric Texas, LLC",Clements Electric Texas,Electrician,Electrician,+1 817-803-4444,,,https://www.clementselectric.com/,"4409 Chaparral Ct, Alvarado, TX 76009",4409 Chaparral Ct,Alvarado,TX,76009,4.7,501,True,,,,,,,,,,,,,,,,,,10,10000000,,+18178034444,electricians
Scott Electric,Scott Electric,Electrician,Electrician,+1 817-813-2805,,,https://www.scottelectricdfw.com/,"4301 Clay Ave, Haltom City, TX 76117",4301 Clay Ave,Haltom City,TX,76117,4.6,41,True,,,,,,,,,,,,,,,,,,,,CONSTRUCTION,+18178132805,electricians
RFX Electric,Rfx Electric,Electrician,Electrician,+1 469-406-3997,,,http://rfxelectric.com/,"7128 Belteau Ln, Dallas, TX 75227",7128 Belteau Ln,Dallas,TX,75227,5,26,True,,,,,,,,,,,,,,,,,,10,1000000,CONSTRUCTION,+14694063997,electricians
Arc Angel Services,Arc Angel Services,"Electrician, Electric vehicle charging station contractor, Electrical installation service, HVAC contractor",Electrician,+1 817-380-8887,,,https://arcangelservices.com/,"700 Jim Wright Fwy Ste M-1, White Settlement, TX 76108",700 Jim Wright Fwy Ste M-1,White Settlement,TX,76108,4.9,277,True,,,,,,,,,,,,,,,,,,,,,+18173808887,electricians
"4G Electrician, LLC",4G Electrician,Electrician,Electrician,+1 972-440-9952,business,4g Electrician Of Dallas,https://www.4gelectrician.com/,"5304 Alpha Rd, Dallas, TX 75240",5304 Alpha Rd,Dallas,TX,75240,4.8,236,True,,,,,,,,,,,,,,,,,,,,,+19724409952,electricians
"4G Electrician, LLC",4G Electrician,Electrician,Electrician,+1 972-440-9952,business,4g Electrician Of Dallas,https://www.4gelectrician.com/,"5304 Alpha Rd, Dallas, TX 75240",5304 Alpha Rd,Dallas,TX,75240,4.8,236,True,,,,,,,,,,,,,,,,,,,,,+19724409952,electricians
"4G Electrician, LLC",4G Electrician,Electrician,Electrician,+1 972-440-9952,business,4g Electrician Of Dallas,https://www.4gelectrician.com/,"5304 Alpha Rd, Dallas, TX 75240",5304 Alpha Rd,Dallas,TX,75240,4.8,236,True,,,,,,,,,,,,,,,,,,,,,+19724409952,electricians
Hunt Electrical Services,Hunt Electrical Services,Contractor,Contractor,+1 817-721-0264,business,Hunt Electrical Services,https://www.huntelectricalservices.net/,"3811 Camp Bowie Blvd, Fort Worth, TX 76107",3811 Camp Bowie Blvd,Fort Worth,TX,76107,4.4,7,True,,,,,,,,,,,,,,,,,,,,,+18177210264,electricians
"Add All Electric, Inc.",Add All Electric,"Electrician, Electrical installation service, Lighting store",Electrician,+1 817-488-0126,person,Ellen J Melvin,https://addallelectric.com/,"532 S Wildwood Dr, Irving, TX 75060",532 S Wildwood Dr,Irving,TX,75060,4.6,10,True,,,,,,,,,,,,,,,,,,50,10000000,CONSTRUCTION,+18174880126,electricians
"Add All Electric, Inc.",Add All Electric,"Electrician, Electrical installation service, Lighting store",Electrician,+1 817-488-0126,person,Ellen J Melvin,https://addallelectric.com/,"532 S Wildwood Dr, Irving, TX 75060",532 S Wildwood Dr,Irving,TX,75060,4.6,10,True,,,,,,,,,,,,,,,,,,50,10000000,CONSTRUCTION,+18174880126,electricians
"Add All Electric, Inc.",Add All Electric,"Electrician, Electrical installation service, Lighting store",Electrician,+1 817-488-0126,person,Ellen J Melvin,https://addallelectric.com/,"532 S Wildwood Dr, Irving, TX 75060",532 S Wildwood Dr,Irving,TX,75060,4.6,10,True,,,,,,,,,,,,,,,,,,50,10000000,CONSTRUCTION,+18174880126,electricians
Bill's Electric Company,Bills Electric Company,Electrician,Electrician,+1 817-921-0054,person,Randy D Hunt,http://www.ftwelectric.com/,"324 Concho Trail, Fort Worth, TX 76108",324 Concho Trail,Fort Worth,TX,76108,4.8,19,True,,,,,,,,,,,,,,,,,,,,,+18179210054,electricians
Caddell Electric,Caddell Electric,"Electrician, Landscape lighting designer, Lighting contractor",Electrician,+1 214-329-4567,person,Lance J Caddell,https://www.dallaselectricrepair.com/,"3730 Dilido Rd #209, Dallas, TX 75228",3730 Dilido Rd #209,Dallas,TX,75228,4.9,67,True,,,,,,,,,,,,,,,,,,,,CONSTRUCTION,+12143294567,electricians
Caddell Electric,Caddell Electric,"Electrician, Landscape lighting designer, Lighting contractor",Electrician,+1 214-329-4567,person,Lance J Caddell,https://www.dallaselectricrepair.com/,"3730 Dilido Rd #209, Dallas, TX 75228",3730 Dilido Rd #209,Dallas,TX,75228,4.9,67,True,,,,,,,,,,,,,,,,,,,,CONSTRUCTION,+12143294567,electricians
Caddell Electric,Caddell Electric,"Electrician, Landscape lighting designer, Lighting contractor",Electrician,+1 214-329-4567,person,Lance J Caddell,https://www.dallaselectricrepair.com/,"3730 Dilido Rd #209, Dallas, TX 75228",3730 Dilido Rd #209,Dallas,TX,75228,4.9,67,True,,,,,,,,,,,,,,,,,,,,CONSTRUCTION,+12143294567,electricians
Fort Worth Electrician,Fort Worth Electrician,"Electrician, Electrical engineer, Electrical installation service, Electrical repair shop, Lighting contractor",Electrician,+1 972-327-7064,,,http://www.electricianinfortworth.com/contact-us,"4920 Grisham Dr, Rowlett, TX 75088",4920 Grisham Dr,Rowlett,TX,75088,5,1,True,,,,,,,,,,,,,,,,,,,,,+19723277064,electricians
"Sparks ""R"" Us Electrical Services",Sparks R Us Electrical Services,"Electrical installation service, Electric vehicle charging station, Electrician, Lighting contractor",Electrical installation service,+1 214-730-0463,person,Flaviano S Lainez,http://sparksruselectrical.org/,"5103 Skillman St #219, Dallas, TX 75206",5103 Skillman St #219,Dallas,TX,75206,4.6,27,True,,,,,,,,,,,,,,,,,,,,,+12147300463,electricians
"Electricowork, LLC",Electricowork,"Electrician, Lighting contractor, Repair service",Electrician,+1 214-468-4041,person,Victoria Rose Lockhart,http://www.electricowork.com/,"919 N Peachtree Rd, Mesquite, TX 75149",919 N Peachtree Rd,Mesquite,TX,75149,5,98,True,,,,,,,,,,,,,,,,,,50,10000000,,+12144684041,electricians
"Electricowork, LLC",Electricowork,"Electrician, Lighting contractor, Repair service",Electrician,+1 214-468-4041,person,Victoria Rose Lockhart,http://www.electricowork.com/,"919 N Peachtree Rd, Mesquite, TX 75149",919 N Peachtree Rd,Mesquite,TX,75149,5,98,True,,,,,,,,,,,,,,,,,,50,10000000,,+12144684041,electricians
"Electricowork, LLC",Electricowork,"Electrician, Lighting contractor, Repair service",Electrician,+1 214-468-4041,person,Victoria Rose Lockhart,http://www.electricowork.com/,"919 N Peachtree Rd, Mesquite, TX 75149",919 N Peachtree Rd,Mesquite,TX,75149,5,98,True,,,,,,,,,,,,,,,,,,50,10000000,,+12144684041,electricians
"Echo Electrical Services, Inc.",Echo Electrical Services,"Electrician, Contractor, Electrical installation service, Electrical repair shop",Electrician,+1 817-587-6304,,,https://echoelectricalservices.com/%3Futm_campaign%3Dgmb%26utm_medium%3Dorganic%26utm_source%3Dgmb,"3610 W Pioneer Pkwy Ste D, Pantego, TX 76013",3610 W Pioneer Pkwy Ste D,Pantego,TX,76013,5,177,True,,,,,,,,,,,,,,,,,,10,10000000,,+18175876304,electricians
"Echo Electrical Services, Inc.",Echo Electrical Services,"Electrician, Contractor, Electrical installation service, Electrical repair shop",Electrician,+1 817-587-6304,,,https://echoelectricalservices.com/%3Futm_campaign%3Dgmb%26utm_medium%3Dorganic%26utm_source%3Dgmb,"3610 W Pioneer Pkwy Ste D, Pantego, TX 76013",3610 W Pioneer Pkwy Ste D,Pantego,TX,76013,5,177,True,,,,,,,,,,,,,,,,,,10,10000000,,+18175876304,electricians
Worldwide Electric Services,Worldwide Electric Services,Electrical products wholesaler,Electrical products wholesaler,+1 469-362-9792,person,Roger Clark Harn,http://wwesinc.com/,"3031 Botham Jean Blvd, Dallas, TX 75215",3031 Botham Jean Blvd,Dallas,TX,75215,4.9,9,True,,,,,,,,,,,,,,,,,,10,1000000,ELECTRICAL_ELECTRONIC_MANUFACTURING,+14693629792,electricians
Worldwide Electric Services,Worldwide Electric Services,Electrical products wholesaler,Electrical products wholesaler,+1 469-362-9792,person,Roger Clark Harn,http://wwesinc.com/,"3031 Botham Jean Blvd, Dallas, TX 75215",3031 Botham Jean Blvd,Dallas,TX,75215,4.9,9,True,,,,,,,,,,,,,,,,,,10,1000000,ELECTRICAL_ELECTRONIC_MANUFACTURING,+14693629792,electricians
Worldwide Electric Services,Worldwide Electric Services,Electrical products wholesaler,Electrical products wholesaler,+1 469-362-9792,person,Roger Clark Harn,http://wwesinc.com/,"3031 Botham Jean Blvd, Dallas, TX 75215",3031 Botham Jean Blvd,Dallas,TX,75215,4.9,9,True,,,,,,,,,,,,,,,,,,10,1000000,ELECTRICAL_ELECTRONIC_MANUFACTURING,+14693629792,electricians
Excell Electric,Excell Electric,Electrician,Electrician,+1 214-391-0040,person,Reyes Michael Gamino,http://www.excellelectric.com/,"11510 Data Dr, Dallas, TX 75218",11510 Data Dr,Dallas,TX,75218,4.5,37,True,,,,,,,,,,,,,,,,,,50,10000000,,+12143910040,electricians
Excell Electric,Excell Electric,Electrician,Electrician,+1 214-391-0040,person,Reyes Michael Gamino,http://www.excellelectric.com/,"11510 Data Dr, Dallas, TX 75218",11510 Data Dr,Dallas,TX,75218,4.5,37,True,,,,,,,,,,,,,,,,,,50,10000000,,+12143910040,electricians
Excell Electric,Excell Electric,Electrician,Electrician,+1 214-391-0040,person,Reyes Michael Gamino,http://www.excellelectric.com/,"11510 Data Dr, Dallas, TX 75218",11510 Data Dr,Dallas,TX,75218,4.5,37,True,,,,,,,,,,,,,,,,,,50,10000000,,+12143910040,electricians
Carroll Service Co,Carroll Service,"Electrician, Electric vehicle charging station contractor",Electrician,+1 817-320-9721,,,https://carrollservicecotx.com/%3Futm_source%3Dgoogle%26utm_medium%3Dgmb%26utm_campaign%3Dseo,"408 N Main St Suite C, Keller, TX 76248",408 N Main St Suite C,Keller,TX,76248,4.8,79,True,,,,,,,,,,,,,,,,,,,,,+18173209721,electricians
Trademark Electric Inc.,Trademark Electric,Electrician,Electrician,+1 817-656-8455,person,Steven D Scovel,http://tmelectric.com/,"3200 Joyce Dr, Fort Worth, TX 76116",3200 Joyce Dr,Fort Worth,TX,76116,4.4,7,True,,,,,,,,,,,,,,,,,,50,10000000,CONSTRUCTION,+18176568455,electricians
Trademark Electric Inc.,Trademark Electric,Electrician,Electrician,+1 817-656-8455,person,Steven D Scovel,http://tmelectric.com/,"3200 Joyce Dr, Fort Worth, TX 76116",3200 Joyce Dr,Fort Worth,TX,76116,4.4,7,True,,,,,,,,,,,,,,,,,,50,10000000,CONSTRUCTION,+18176568455,electricians
Trademark Electric Inc.,Trademark Electric,Electrician,Electrician,+1 817-656-8455,person,Steven D Scovel,http://tmelectric.com/,"3200 Joyce Dr, Fort Worth, TX 76116",3200 Joyce Dr,Fort Worth,TX,76116,4.4,7,True,,,,,,,,,,,,,,,,,,50,10000000,CONSTRUCTION,+18176568455,electricians
A 4 electric y a/c,A 4 Electric Y A/C,Electrician,Electricista,+1 817-743-2171,,,http://a4electricyac.com/,"2316 Christine Ave, Fort Worth, TX 76105",2316 Christine Ave,Fort Worth,TX,76105,5,3,True,,,,,,,,,,,,,,,,,,,,,+18177432171,electricians
ACME Electric Company,Acme Electric Company,Electrician,Electrician,+1 817-654-1618,person,Robert P Walker,http://www.acmeelectriccompany.com/,"5000 Martin St, Fort Worth, TX 76119",5000 Martin St,Fort Worth,TX,76119,4.4,11,True,,,,,,,,,,,,,,,,,,25,50000000,CONSTRUCTION,+18176541618,electricians
"The King's Electric, LLC",The Kings Electric,Electrician,Electrician,+1 817-308-6444,person,Michael Antone King,https://www.thekingsep.com/,"1288 W Arkansas Ln, Arlington, TX 76013",1288 W Arkansas Ln,Arlington,TX,76013,5,241,True,,,,,,,,,,,,,,,,,,,,,+18173086444,electricians
Hardee Electric Inc,Hardee Electric,Electrician,Electrician,+1 817-237-6299,,,http://www.hardeeelectric.com/,"7931 Jacksboro Hwy, Fort Worth, TX 76135",7931 Jacksboro Hwy,Fort Worth,TX,76135,4.2,17,True,,,,,,,,,,,,,,,,,,10,1000000,CONSTRUCTION,+18172376299,electricians
Hardee Electric Inc,Hardee Electric,Electrician,Electrician,+1 817-237-6299,,,http://www.hardeeelectric.com/,"7931 Jacksboro Hwy, Fort Worth, TX 76135",7931 Jacksboro Hwy,Fort Worth,TX,76135,4.2,17,True,,,,,,,,,,,,,,,,,,10,1000000,CONSTRUCTION,+18172376299,electricians
Hardee Electric Inc,Hardee Electric,Electrician,Electrician,+1 817-237-6299,,,http://www.hardeeelectric.com/,"7931 Jacksboro Hwy, Fort Worth, TX 76135",7931 Jacksboro Hwy,Fort Worth,TX,76135,4.2,17,True,,,,,,,,,,,,,,,,,,10,1000000,CONSTRUCTION,+18172376299,electricians
ClearFork Electric LLC,Clearfork Electric,Electrician,Electrician,+1 817-769-3766,,,https://electricianfortworth.com/,"1601 Tobie Layne St, Benbrook, TX 76126",1601 Tobie Layne St,Benbrook,TX,76126,5,9,True,,,,,,,,,,,,,,,,,,,,,+18177693766,electricians
ClearFork Electric LLC,Clearfork Electric,Electrician,Electrician,+1 817-769-3766,,,https://electricianfortworth.com/,"1601 Tobie Layne St, Benbrook, TX 76126",1601 Tobie Layne St,Benbrook,TX,76126,5,9,True,,,,,,,,,,,,,,,,,,,,,+18177693766,electricians
"Valencia Electric, Llc",Valencia Electric,Electrician,Electrician,+1 214-295-8910,person,Audel Valencia Jr,http://www.valenciaelectric.com/,"3421 Hacienda Dr, Dallas, TX 75233",3421 Hacienda Dr,Dallas,TX,75233,5,26,True,,,,,,,,,,,,,,,,,,10,10000000,CONSTRUCTION,+12142958910,electricians
"Valencia Electric, Llc",Valencia Electric,Electrician,Electrician,+1 214-295-8910,person,Audel Valencia Jr,http://www.valenciaelectric.com/,"3421 Hacienda Dr, Dallas, TX 75233",3421 Hacienda Dr,Dallas,TX,75233,5,26,True,,,,,,,,,,,,,,,,,,10,10000000,CONSTRUCTION,+12142958910,electricians
Cooper Electric Service,Cooper Electric Service,Electrician,Electrician,+1 214-718-9383,,,http://www.cooperelectricservice.com/,"5647 Cancun Dr, North Richland Hills, TX 76180",5647 Cancun Dr,North Richland Hills,TX,76180,4.8,49,True,,,,,,,,,,,,,,,,,,10,1000000,CONSTRUCTION,+12147189383,electricians
Cooper Electric Service,Cooper Electric Service,Electrician,Electrician,+1 214-718-9383,,,http://www.cooperelectricservice.com/,"5647 Cancun Dr, North Richland Hills, TX 76180",5647 Cancun Dr,North Richland Hills,TX,76180,4.8,49,True,,,,,,,,,,,,,,,,,,10,1000000,CONSTRUCTION,+12147189383,electricians
Cooper Electric Service,Cooper Electric Service,Electrician,Electrician,+1 214-718-9383,,,http://www.cooperelectricservice.com/,"5647 Cancun Dr, North Richland Hills, TX 76180",5647 Cancun Dr,North Richland Hills,TX,76180,4.8,49,True,,,,,,,,,,,,,,,,,,10,1000000,CONSTRUCTION,+12147189383,electricians
Anthony’s Electric,Anthony’S Electric,Electrician,Electrician,+1 214-328-1333,,,https://anthonyselectricofdallas.com/,"8636 Shagrock Ln, Dallas, TX 75238",8636 Shagrock Ln,Dallas,TX,75238,5,11,True,,,,,,,,,,,,,,,,,,,,CONSTRUCTION,+12143281333,electricians
"Milestone Electric, A/C, & Plumbing",Milestone Electric A/C And Plumbing,Plumber,Plumber,+1 214-717-6708,business,Milestone,https://callmilestone.com/dallas/plumbing/,"5414 Forest Ln, Dallas, TX 75229",5414 Forest Ln,Dallas,TX,75229,4.9,18837,True,,,,,,,,,,,,,,,,,,250,50000000,CONSTRUCTION,+12147176708,electricians
"Milestone Electric, A/C, & Plumbing",Milestone Electric A/C And Plumbing,Plumber,Plumber,+1 214-717-6708,business,Milestone,https://callmilestone.com/dallas/plumbing/,"5414 Forest Ln, Dallas, TX 75229",5414 Forest Ln,Dallas,TX,75229,4.9,18837,True,,,,,,,,,,,,,,,,,,250,50000000,CONSTRUCTION,+12147176708,electricians
"Milestone Electric, A/C, & Plumbing",Milestone Electric A/C And Plumbing,Plumber,Plumber,+1 214-717-6708,business,Milestone,https://callmilestone.com/dallas/plumbing/,"5414 Forest Ln, Dallas, TX 75229",5414 Forest Ln,Dallas,TX,75229,4.9,18837,True,,,,,,,,,,,,,,,,,,250,50000000,CONSTRUCTION,+12147176708,electricians
Griggs Electric LLC,Griggs Electric,Electrician,Electrician,+1 817-307-2212,,,http://griggselectric.com/,"15537 Landing Creek Ln, Roanoke, TX 76262",15537 Landing Creek Ln,Roanoke,TX,76262,4.9,98,True,,,,,,,,,,,,,,,,,,,,,+18173072212,electricians
Griggs Electric LLC,Griggs Electric,Electrician,Electrician,+1 817-307-2212,,,http://griggselectric.com/,"15537 Landing Creek Ln, Roanoke, TX 76262",15537 Landing Creek Ln,Roanoke,TX,76262,4.9,98,True,,,,,,,,,,,,,,,,,,,,,+18173072212,electricians
Harter Electric LLC.,Harter Electric,Electrician,Electrician,+1 817-834-2001,person,Whitney L Grissom,http://www.harterelectric.com/,"2345 Pecan Ct, Haltom City, TX 76117",2345 Pecan Ct,Haltom City,TX,76117,4.7,33,True,,,,,,,,,,,,,,,,,,10,10000000,CONSTRUCTION,+18178342001,electricians
Harter Electric LLC.,Harter Electric,Electrician,Electrician,+1 817-834-2001,person,Whitney L Grissom,http://www.harterelectric.com/,"2345 Pecan Ct, Haltom City, TX 76117",2345 Pecan Ct,Haltom City,TX,76117,4.7,33,True,,,,,,,,,,,,,,,,,,10,10000000,CONSTRUCTION,+18178342001,electricians
Harter Electric LLC.,Harter Electric,Electrician,Electrician,+1 817-834-2001,person,Whitney L Grissom,http://www.harterelectric.com/,"2345 Pecan Ct, Haltom City, TX 76117",2345 Pecan Ct,Haltom City,TX,76117,4.7,33,True,,,,,,,,,,,,,,,,,,10,10000000,CONSTRUCTION,+18178342001,electricians
"R&D Electrical, LLC",R And D Electrical,Electrician,Electrician,+1 817-541-7550,person,Ramiro Delacruz Jr,http://www.rdelec.biz/,"17521 Matany Rd #6200, Justin, TX 76247",17521 Matany Rd #6200,Justin,TX,76247,4.3,16,True,,,,,,,,,,,,,,,,,,50,10000000,CONSTRUCTION,+18175417550,electricians
"R&D Electrical, LLC",R And D Electrical,Electrician,Electrician,+1 817-541-7550,person,Ramiro Delacruz Jr,http://www.rdelec.biz/,"17521 Matany Rd #6200, Justin, TX 76247",17521 Matany Rd #6200,Justin,TX,76247,4.3,16,True,,,,,,,,,,,,,,,,,,50,10000000,CONSTRUCTION,+18175417550,electricians
"R&D Electrical, LLC",R And D Electrical,Electrician,Electrician,+1 817-541-7550,person,Ramiro Delacruz Jr,http://www.rdelec.biz/,"17521 Matany Rd #6200, Justin, TX 76247",17521 Matany Rd #6200,Justin,TX,76247,4.3,16,True,,,,,,,,,,,,,,,,,,50,10000000,CONSTRUCTION,+18175417550,electricians
HR Phoenix Electrical & Plumbing,Hr Phoenix Electrical And Plumbing,"Electrician, Electrical supply store, Lighting store, Plumber",Electrician,+1 817-369-5423,,,http://www.hrphoenixelectrical.com/%3Futm_source%3Dgoogle%26utm_medium%3Dorganic%26utm_campaign%3DGMBListing-Richland-Hills-TX,"7171 Latham Dr, Richland Hills, TX 76118",7171 Latham Dr,Richland Hills,TX,76118,4.7,583,True,,,,,,,,,,,,,,,,,,,,,+18173695423,electricians
"Milestone Electric, A/C, & Plumbing",Milestone Electric A/C And Plumbing,"Electrician, Air conditioning repair service, Drainage service, HVAC contractor, Plumber",Electrician,+1 972-616-4171,business,"Milestone Electric, Air, & Plumbing",http://callmilestone.com/,"2360 Crist Rd Suite B900, Garland, TX 75040",2360 Crist Rd Suite B900,Garland,TX,75040,4.9,1338,True,,,,,,,,,,,,,,,,,,250,50000000,CONSTRUCTION,+19726164171,electricians
"Milestone Electric, A/C, & Plumbing",Milestone Electric A/C And Plumbing,"Electrician, Air conditioning repair service, Drainage service, HVAC contractor, Plumber",Electrician,+1 972-616-4171,business,"Milestone Electric, Air, & Plumbing",http://callmilestone.com/,"2360 Crist Rd Suite B900, Garland, TX 75040",2360 Crist Rd Suite B900,Garland,TX,75040,4.9,1338,True,,,,,,,,,,,,,,,,,,250,50000000,CONSTRUCTION,+19726164171,electricians
"Milestone Electric, A/C, & Plumbing",Milestone Electric A/C And Plumbing,"Electrician, Air conditioning repair service, Drainage service, HVAC contractor, Plumber",Electrician,+1 972-616-4171,business,"Milestone Electric, Air, & Plumbing",http://callmilestone.com/,"2360 Crist Rd Suite B900, Garland, TX 75040",2360 Crist Rd Suite B900,Garland,TX,75040,4.9,1338,True,,,,,,,,,,,,,,,,,,250,50000000,CONSTRUCTION,+19726164171,electricians
Consolidated Electrical Distributors Waxahachie,Consolidated Electrical Distributors Waxahachie,Electrical supply store,Electrical supply store,+1 214-463-5046,person,Billi Lynn Sodek,https://cedwaxahachie.portalced.com/,"1011 Sales Dr, Waxahachie, TX 75167",1011 Sales Dr,Waxahachie,TX,75167,5,26,True,,,,,,,,,,,,,,,,,,,,Educational Services,+12144635046,electricians
Randles Electric Service Co Inc,Randles Electric Service,Electrician,Electrician,+1 817-831-9593,person,Kris L Jordan,http://randleselectric.com/,"2216 Moneda St, Fort Worth, TX 76117",2216 Moneda St,Fort Worth,TX,76117,4.2,5,True,,,,,,,,,,,,,,,,,,50,10000000,,+18178319593,electricians
Randles Electric Service Co Inc,Randles Electric Service,Electrician,Electrician,+1 817-831-9593,person,Kris L Jordan,http://randleselectric.com/,"2216 Moneda St, Fort Worth, TX 76117",2216 Moneda St,Fort Worth,TX,76117,4.2,5,True,,,,,,,,,,,,,,,,,,50,10000000,,+18178319593,electricians
Avid Electrical Contracting,Avid Electrical Contracting,Electrician,Electrician,+1 940-765-7043,person,Courtney Leigh Kelly,https://avid-electric.com/,"620 Henrietta Creek Rd #100, Roanoke, TX 76262",620 Henrietta Creek Rd #100,Roanoke,TX,76262,4.3,6,True,,,,,,,,,,,,,,,,,,,,,+19407657043,electricians
Avid Electrical Contracting,Avid Electrical Contracting,Electrician,Electrician,+1 940-765-7043,person,Courtney Leigh Kelly,https://avid-electric.com/,"620 Henrietta Creek Rd #100, Roanoke, TX 76262",620 Henrietta Creek Rd #100,Roanoke,TX,76262,4.3,6,True,,,,,,,,,,,,,,,,,,,,,+19407657043,electricians
Avid Electrical Contracting,Avid Electrical Contracting,Electrician,Electrician,+1 940-765-7043,person,Courtney Leigh Kelly,https://avid-electric.com/,"620 Henrietta Creek Rd #100, Roanoke, TX 76262",620 Henrietta Creek Rd #100,Roanoke,TX,76262,4.3,6,True,,,,,,,,,,,,,,,,,,,,,+19407657043,electricians
Dallas Electric Co Inc,Dallas Electric,Electrician,Electrician,+1 214-339-9306,person,Vivian L McDonald,https://dallaselectricco.com/,"510 N Ravinia Dr, Dallas, TX 75211",510 N Ravinia Dr,Dallas,TX,75211,5,3,True,,,,,,,,,,,,,,,,,,,,,+12143399306,electricians
Dallas Electric Co Inc,Dallas Electric,Electrician,Electrician,+1 214-339-9306,person,Vivian L McDonald,https://dallaselectricco.com/,"510 N Ravinia Dr, Dallas, TX 75211",510 N Ravinia Dr,Dallas,TX,75211,5,3,True,,,,,,,,,,,,,,,,,,,,,+12143399306,electricians
"Kevco Electrical Construction, Inc.",Kevco Electrical Construction,Electrician,Electrician,+1 972-790-0335,person,Blake Richardson,https://kevcoelectrical.com/,"2481 State Hwy 161, Irving, TX 75062",2481 State Hwy 161,Irving,TX,75062,5,15,True,,,,,,,,,,,,,,,,,,50,10000000,CONSTRUCTION,+19727900335,electricians
"Kevco Electrical Construction, Inc.",Kevco Electrical Construction,Electrician,Electrician,+1 972-790-0335,person,Blake Richardson,https://kevcoelectrical.com/,"2481 State Hwy 161, Irving, TX 75062",2481 State Hwy 161,Irving,TX,75062,5,15,True,,,,,,,,,,,,,,,,,,50,10000000,CONSTRUCTION,+19727900335,electricians
"Kevco Electrical Construction, Inc.",Kevco Electrical Construction,Electrician,Electrician,+1 972-790-0335,person,Blake Richardson,https://kevcoelectrical.com/,"2481 State Hwy 161, Irving, TX 75062",2481 State Hwy 161,Irving,TX,75062,5,15,True,,,,,,,,,,,,,,,,,,50,10000000,CONSTRUCTION,+19727900335,electricians
Medallion Electric,Medallion Electric,Electrician,Electrician,+1 214-391-8000,person,Ronald S Masaracchio,https://medallion-electric.com/,"236 Turin Dr, Dallas, TX 75217",236 Turin Dr,Dallas,TX,75217,4.8,21,True,,,,,,,,,,,,,,,,,,10,10000000,CONSTRUCTION,+12143918000,electricians
Medallion Electric,Medallion Electric,Electrician,Electrician,+1 214-391-8000,person,Ronald S Masaracchio,https://medallion-electric.com/,"236 Turin Dr, Dallas, TX 75217",236 Turin Dr,Dallas,TX,75217,4.8,21,True,,,,,,,,,,,,,,,,,,10,10000000,CONSTRUCTION,+12143918000,electricians
Hawes Electric Service,Hawes Electric Service,Electrician,Electrician,+1 214-638-4541,person,James R Hafner III,https://www.haweselectric.com/,"2138 Burbank St, Dallas, TX 75235",2138 Burbank St,Dallas,TX,75235,5,5,True,,,,,,,,,,,,,,,,,,10,1000000,CONSTRUCTION,+12146384541,electricians
"Electricians of Dallas, LLC",Electricians Of Dallas,"Electrician, Construction company, Contractor",Electrician,+1 972-418-0691,person,Vincent A Sharpton,https://electriciansofdallas.net/,"2327 Briarwood Ln, Carrollton, TX 75006",2327 Briarwood Ln,Carrollton,TX,75006,4.6,27,True,,,,,,,,,,,,,,,,,,50,10000000,,+19724180691,electricians
"Electricians of Dallas, LLC",Electricians Of Dallas,"Electrician, Construction company, Contractor",Electrician,+1 972-418-0691,person,Vincent A Sharpton,https://electriciansofdallas.net/,"2327 Briarwood Ln, Carrollton, TX 75006",2327 Briarwood Ln,Carrollton,TX,75006,4.6,27,True,,,,,,,,,,,,,,,,,,50,10000000,,+19724180691,electricians
"Electricians of Dallas, LLC",Electricians Of Dallas,"Electrician, Construction company, Contractor",Electrician,+1 972-418-0691,person,Vincent A Sharpton,https://electriciansofdallas.net/,"2327 Briarwood Ln, Carrollton, TX 75006",2327 Briarwood Ln,Carrollton,TX,75006,4.6,27,True,,,,,,,,,,,,,,,,,,50,10000000,,+19724180691,electricians
Drake Electrical Services LLC,Drake Electrical Services,Electrician,Electrician,+1 817-441-8633,person,Paul S Duncan,https://www.drakeelectricalservices.com/,"687 Bear Cat Rd, Aledo, TX 76008",687 Bear Cat Rd,Aledo,TX,76008,5,13,True,,,,,,,,,,,,,,,,,,10,10000000,CONSTRUCTION,+18174418633,electricians
Drake Electrical Services LLC,Drake Electrical Services,Electrician,Electrician,+1 817-441-8633,person,Paul S Duncan,https://www.drakeelectricalservices.com/,"687 Bear Cat Rd, Aledo, TX 76008",687 Bear Cat Rd,Aledo,TX,76008,5,13,True,,,,,,,,,,,,,,,,,,10,10000000,CONSTRUCTION,+18174418633,electricians
Shafer Electrical Contracting LLC,Shafer Electrical Contracting,Electrician,Electrician,+1 469-767-9954,,,http://www.shaferelectrical.com/,"126 Park Crest Dr, Red Oak, TX 75154",126 Park Crest Dr,Red Oak,TX,75154,5,37,True,,,,,,,,,,,,,,,,,,,,,+14697679954,electricians
Valle Electrical Inc.,Valle Electrical,"Electrician, Electric vehicle charging station contractor, Electrical installation service, Landscape lighting designer",Electrician,+1 972-514-1579,person,Estella M Smith,http://valleelectrical.com/,"2126 113th St, Grand Prairie, TX 75050",2126 113th St,Grand Prairie,TX,75050,4.8,58,True,,,,,,,,,,,,,,,,,,10,1000000,,+19725141579,electricians
Groves Electrical Service,Groves Electrical Service,Electrician,Electrician,+1 972-484-2717,person,Dale R Bennett,http://www.groveselectric.com/,"2410 Squire Pl, Farmers Branch, TX 75234",2410 Squire Pl,Farmers Branch,TX,75234,4,21,True,,,,,,,,,,,,,,,,,,25,1000000,CONSTRUCTION,+19724842717,electricians
Groves Electrical Service,Groves Electrical Service,Electrician,Electrician,+1 972-484-2717,person,Dale R Bennett,http://www.groveselectric.com/,"2410 Squire Pl, Farmers Branch, TX 75234",2410 Squire Pl,Farmers Branch,TX,75234,4,21,True,,,,,,,,,,,,,,,,,,25,1000000,CONSTRUCTION,+19724842717,electricians
Groves Electrical Service,Groves Electrical Service,Electrician,Electrician,+1 972-484-2717,person,Dale R Bennett,http://www.groveselectric.com/,"2410 Squire Pl, Farmers Branch, TX 75234",2410 Squire Pl,Farmers Branch,TX,75234,4,21,True,,,,,,,,,,,,,,,,,,25,1000000,CONSTRUCTION,+19724842717,electricians
"Baker Brothers Plumbing, Air & Electric",Baker Brothers Plumbing Air And Electric,"Electrician, Air conditioning repair service, Drainage service, Plumber, Furnace repair service, Heating contractor, HVAC contractor, Septic system service, Water softening equipment supplier",Plumber,+1 214-324-8811,,,https://bakerbrothersplumbing.com/%3Futm_campaign%3Dgmb_bk-msq_home_everyone_gmb-mesquite%26utm_medium%3Dgmb%26utm_source%3Dgoogle,"2615 Big Town Blvd, Mesquite, TX 75150",2615 Big Town Blvd,Mesquite,TX,75150,4.9,24426,True,,,,,,,,,,,,,,,,,,250,10000000,CONSTRUCTION,+12143248811,electricians
"Baker Brothers Plumbing, Air & Electric",Baker Brothers Plumbing Air And Electric,"Electrician, Air conditioning repair service, Drainage service, Plumber, Furnace repair service, Heating contractor, HVAC contractor, Septic system service, Water softening equipment supplier",Plumber,+1 214-324-8811,,,https://bakerbrothersplumbing.com/%3Futm_campaign%3Dgmb_bk-msq_home_everyone_gmb-mesquite%26utm_medium%3Dgmb%26utm_source%3Dgoogle,"2615 Big Town Blvd, Mesquite, TX 75150",2615 Big Town Blvd,Mesquite,TX,75150,4.9,24426,True,,,,,,,,,,,,,,,,,,250,10000000,CONSTRUCTION,+12143248811,electricians
"Baker Brothers Plumbing, Air & Electric",Baker Brothers Plumbing Air And Electric,"Electrician, Air conditioning repair service, Drainage service, Plumber, Furnace repair service, Heating contractor, HVAC contractor, Septic system service, Water softening equipment supplier",Plumber,+1 214-324-8811,,,https://bakerbrothersplumbing.com/%3Futm_campaign%3Dgmb_bk-msq_home_everyone_gmb-mesquite%26utm_medium%3Dgmb%26utm_source%3Dgoogle,"2615 Big Town Blvd, Mesquite, TX 75150",2615 Big Town Blvd,Mesquite,TX,75150,4.9,24426,True,,,,,,,,,,,,,,,,,,250,10000000,CONSTRUCTION,+12143248811,electricians
ElectraTex,Electratex,Electrician,Electrician,+1 469-792-4465,,,https://www.electratex.com/,"7451 Bennett Lawson Rd, Mansfield, TX 76063",7451 Bennett Lawson Rd,Mansfield,TX,76063,5,75,True,,,,,,,,,,,,,,,,,,,,ELECTRICAL_ELECTRONIC_MANUFACTURING,+14697924465,electricians
Light It Up Electric,Light It Up Electric,"Electrician, Electric vehicle charging station, Electric vehicle charging station contractor, Electrical installation service, Electrical repair shop, Landscape lighting designer, Lighting contractor",Electrician,+1 469-261-1503,person,Todd D Guernsey,https://www.lightitupelectric.net/,"6136 Frisco Square Blvd Suite 400, Frisco, TX 75034",6136 Frisco Square Blvd Suite 400,Frisco,TX,75034,4.9,240,True,,,,,,,,,,,,,,,,,,50,10000000,,+14692611503,electricians
Light It Up Electric,Light It Up Electric,"Electrician, Electric vehicle charging station, Electric vehicle charging station contractor, Electrical installation service, Electrical repair shop, Landscape lighting designer, Lighting contractor",Electrician,+1 469-261-1503,person,Todd D Guernsey,https://www.lightitupelectric.net/,"6136 Frisco Square Blvd Suite 400, Frisco, TX 75034",6136 Frisco Square Blvd Suite 400,Frisco,TX,75034,4.9,240,True,,,,,,,,,,,,,,,,,,50,10000000,,+14692611503,electricians
Light It Up Electric,Light It Up Electric,"Electrician, Electric vehicle charging station, Electric vehicle charging station contractor, Electrical installation service, Electrical repair shop, Landscape lighting designer, Lighting contractor",Electrician,+1 469-261-1503,person,Todd D Guernsey,https://www.lightitupelectric.net/,"6136 Frisco Square Blvd Suite 400, Frisco, TX 75034",6136 Frisco Square Blvd Suite 400,Frisco,TX,75034,4.9,240,True,,,,,,,,,,,,,,,,,,50,10000000,,+14692611503,electricians
Electrician Near Me Experts LLC,Electrician Near Me Experts,"Electrician, Electrical installation service, Lighting contractor",Electrician,+1 469-790-2019,,,https://www.electriciannearmeexperts.com/%3Futm_source%3Dgoogle%26utm_medium%3Dorganic%26utm_campaign%3Dgbp,"1203 N Kentucky St STE B, McKinney, TX 75069",1203 N Kentucky St STE B,McKinney,TX,75069,4.9,152,True,,,,,,,,,,,,,,,,,,,,,+14697902019,electricians
A.T. Electric LLC,A T Electric,"Electrician, Electrical installation service, Electrical supply store",Electrician,+1 682-582-5500,,,https://atelectricllc.com/,"7920 Rodeo Trl, Mansfield, TX 76063",7920 Rodeo Trl,Mansfield,TX,76063,5,159,True,,,,,,,,,,,,,,,,,,,,,+16825825500,electricians
A.T. Electric LLC,A T Electric,"Electrician, Electrical installation service, Electrical supply store",Electrician,+1 682-582-5500,,,https://atelectricllc.com/,"7920 Rodeo Trl, Mansfield, TX 76063",7920 Rodeo Trl,Mansfield,TX,76063,5,159,True,,,,,,,,,,,,,,,,,,,,,+16825825500,electricians
DFW Longhorn Electric,Dfw Longhorn Electric,Electrician,Electrician,+1 214-683-2375,person,James C Beach,https://www.dfwlonghornelectric.com/%3Futm_source%3Dgoogle%26utm_medium%3Dwix_google_business_profile%26utm_campaign%3D17278394099602634175,"330 W Simonds Rd, Seagoville, TX 75159",330 W Simonds Rd,Seagoville,TX,75159,5,2,True,,,,,,,,,,,,,,,,,,,,CONSTRUCTION,+12146832375,electricians
DFW Longhorn Electric,Dfw Longhorn Electric,Electrician,Electrician,+1 214-683-2375,person,James C Beach,https://www.dfwlonghornelectric.com/%3Futm_source%3Dgoogle%26utm_medium%3Dwix_google_business_profile%26utm_campaign%3D17278394099602634175,"330 W Simonds Rd, Seagoville, TX 75159",330 W Simonds Rd,Seagoville,TX,75159,5,2,True,,,,,,,,,,,,,,,,,,,,CONSTRUCTION,+12146832375,electricians
McFadden Electric,Mcfadden Electric,Electrician,Electrician,+1 817-713-0359,,,https://mcfaddenelectric.com/,"1382 Co Rd 2585, Alvord, TX 76225",1382 Co Rd 2585,Alvord,TX,76225,5,4,False,,,,,,,,,,,,,,,,,,10,10000000,CONSTRUCTION,+18177130359,electricians
WireUP Electrics,Wireup Electrics,Electrician,Electrician,+1 469-914-4390,,,https://usmapiz.org/details/wireup-electrics-ChIJO42,"9494 Larga Dr, Dallas, TX 75220",9494 Larga Dr,Dallas,TX,75220,5,18,True,,,,,,,,,,,,,,,,,,,,,+14699144390,electricians
WireUP Electrics,Wireup Electrics,Electrician,Electrician,+1 469-914-4390,,,https://usmapiz.org/details/wireup-electrics-ChIJO42,"9494 Larga Dr, Dallas, TX 75220",9494 Larga Dr,Dallas,TX,75220,5,18,True,,,,,,,,,,,,,,,,,,,,,+14699144390,electricians
WireUP Electrics,Wireup Electrics,Electrician,Electrician,+1 469-914-4390,,,https://usmapiz.org/details/wireup-electrics-ChIJO42,"9494 Larga Dr, Dallas, TX 75220",9494 Larga Dr,Dallas,TX,75220,5,18,True,,,,,,,,,,,,,,,,,,,,,+14699144390,electricians
Creation Roofing and Foundation,Creation Roofing And Foundation,"Electrician, Roofing contractor, Gutter service, Interior designer, Landscape designer, Painter, Plumber, Remodeler, Siding contractor",Roofing contractor,+1 214-893-0843,person,Deissy Janet Pa Hernandez,https://www.creationroofingandfoundation.com/,"750 North St. Paul Street #201, Dallas, TX 75201",750 North St. Paul Street #201,Dallas,TX,75201,5,34,True,,,,,,,,,,,,,,,,,,,,,+12148930843,electricians
Creation Roofing and Foundation,Creation Roofing And Foundation,"Electrician, Roofing contractor, Gutter service, Interior designer, Landscape designer, Painter, Plumber, Remodeler, Siding contractor",Roofing contractor,+1 214-893-0843,person,Deissy Janet Pa Hernandez,https://www.creationroofingandfoundation.com/,"750 North St. Paul Street #201, Dallas, TX 75201",750 North St. Paul Street #201,Dallas,TX,75201,5,34,True,,,,,,,,,,,,,,,,,,,,,+12148930843,electricians
R & L Electric,R And L Electric,Electrician,Electrician,+1 817-613-0819,person,Lorelei J Gilberti,http://www.rlelectricinc.com/,"2318 Fort Worth Hwy, Weatherford, TX 76087",2318 Fort Worth Hwy,Weatherford,TX,76087,4.1,43,False,,,,,,,,,,,,,,,,,,25,10000000,,+18176130819,electricians
R & L Electric,R And L Electric,Electrician,Electrician,+1 817-613-0819,person,Lorelei J Gilberti,http://www.rlelectricinc.com/,"2318 Fort Worth Hwy, Weatherford, TX 76087",2318 Fort Worth Hwy,Weatherford,TX,76087,4.1,43,False,,,,,,,,,,,,,,,,,,25,10000000,,+18176130819,electricians
R & L Electric,R And L Electric,Electrician,Electrician,+1 817-613-0819,person,Lorelei J Gilberti,http://www.rlelectricinc.com/,"2318 Fort Worth Hwy, Weatherford, TX 76087",2318 Fort Worth Hwy,Weatherford,TX,76087,4.1,43,False,,,,,,,,,,,,,,,,,,25,10000000,,+18176130819,electricians
