name,phone,phone.phones_enricher.carrier_type,email,email.emails_validator.status,website,city,state_code,rating,reviews,category,subtypes,full_name,first_name,last_name,title,contact_phone,contact_phone.phones_enricher.carrier_type,vertical,lead_score,email_verified,source_file
Page Restoration,+1 972-213-2751,mobile,marissa@pagerestoration.com,RECEIVING,https://pagerestoration.com/,Wylie,TX,5.0,164.0,Water damage restoration service,Water damage restoration service,,,,,,,damage_restoration_service,80,False,Outscraper-20260118234903s1b_water_damage_restoration_service_+8 (3).xlsx
Southern Turf Co,+1 972-576-9985,landline,aaron@southernturfco.com,INVALID,https://www.southernturfco.com/dallas-fort-worth/,Dallas,TX,5.0,192.0,Turf supplier,"Turf supplier, Artificial plant supplier, Landscape designer, Landscaper",Aaron Hamilton,Aaron,Hamilton,turf advisor/project manager,3166505130.0,mobile,turf_installer,80,False,Outscraper-20260122015357m07_artificial_turf_installer_+3 (1).xlsx
ForeverLawn Texas,+1 214-206-3920,voip,npavey14@gmail.com,RECEIVING,http://www.foreverlawntexas.com/,Richardson,TX,5.0,172.0,Turf supplier,Turf supplier,Nick Pavey,Nick,Pavey,general manager,4692311584.0,mobile,turf_installer,80,False,Outscraper-20260122015357m07_artificial_turf_installer_+3 (1).xlsx
DFW Turf Solutions,+1 940-291-9463,voip,bennett@dfwturf.com.if,INVALID,https://dfwturf.com/%3Futm_campaign%3DGBP_Krugerville%26utm_source%3DGoogle_Business_Profile%26utm_medium%3DGoogle_Business_Profile,Krugerville,TX,5.0,552.0,Turf supplier,"Turf supplier, Landscape designer",Bennett Barrier,Bennett,Barrier,chief executive officer,5129222346.0,mobile,turf_installer,80,False,Outscraper-20260122015357m07_artificial_turf_installer_+3 (1).xlsx
Southern Turf Co,+1 972-576-9985,landline,asansom@aol.com,RECEIVING,https://www.southernturfco.com/dallas-fort-worth/,Dallas,TX,5.0,192.0,Turf supplier,"Turf supplier, Artificial plant supplier, Landscape designer, Landscaper",Aaron Sansom,Aaron,Sansom,director of finance,5126568564.0,mobile,turf_installer,80,False,Outscraper-20260122015357m07_artificial_turf_installer_+3 (1).xlsx
Total Garage Solutions LLC,+1 469-975-1679,mobile,seth@totalgaragesolutions.com,RECEIVING,http://totalgaragesolutions.com/%3Futm_source%3Dgoogle-gmb-maps%26utm_medium%3Dgmb-website-button%26utm_campaign%3Dlocl.io%26utm_content%3D98615449-89f6-420c-80f7-3ec143e451a0,,,5.0,365.0,Garage door supplier,"Garage door supplier, Service establishment, Repair service",,,,,,,floor_coating,80,False,Outscraper-20260122015616m1a_epoxy_floor_coating_+3 (1).xlsx
Splash Pad Pool Builder,+1 214-971-7665,mobile,info@splashpadpoolbuilder.com,RECEIVING,https://splashpadpoolbuilder.com/,Royse City,TX,4.8,159.0,Swimming pool contractor,Swimming pool contractor,,,,,,,pool_contractor,79,False,Outscraper-20260122015301m55_swimming_pool_contractor_+3.xlsx
CPR Restoration & Cleaning Services,+1 855-415-5596,toll_free,mfingerman@cprrestoration.com,RECEIVING,https://www.cprrestoration.com/%3Futm_source%3DGMB%26utm_medium%3Dnj,Perth Amboy,NJ,4.9,674.0,Water damage restoration service,"Water damage restoration service, Building restoration service, Fire damage restoration service",Michael Fingerman,Michael,Fingerman,president,12157836659,mobile,damage_restoration_service,79,False,Outscraper-20260118234903s1b_water_damage_restoration_service_+8 (3).xlsx
CPR Restoration & Cleaning Services,+1 855-415-5596,toll_free,michellemarshallcpr@gmail.com,RECEIVING,https://www.cprrestoration.com/%3Futm_source%3DGMB%26utm_medium%3Dnj,Perth Amboy,NJ,4.9,674.0,Water damage restoration service,"Water damage restoration service, Building restoration service, Fire damage restoration service",Michelle Marshall,Michelle,Marshall,,12156881690,mobile,damage_restoration_service,79,False,Outscraper-20260118234903s1b_water_damage_restoration_service_+8 (3).xlsx
Medallion Pools of Texas,+1 469-667-7426,mobile,info@medallionpooldesign.com,RECEIVING,http://www.medallionpooldesign.com/,McKinney,TX,4.8,166.0,Swimming pool contractor,"Swimming pool contractor, Construction company, Pool cleaning service, Swimming pool repair service",Wayne Brito,Wayne,Brito,,14696677426.0,mobile,pool_contractor,79,False,Outscraper-20260122015301m55_swimming_pool_contractor_+3.xlsx
Medallion Pools of Texas,+1 469-667-7426,mobile,medallion@medallionpooldesign.com,RECEIVING,http://www.medallionpooldesign.com/,McKinney,TX,4.8,166.0,Swimming pool contractor,"Swimming pool contractor, Construction company, Pool cleaning service, Swimming pool repair service",Medallion Pools,Medallion,Pools,owner,,,pool_contractor,79,False,Outscraper-20260122015301m55_swimming_pool_contractor_+3.xlsx
Synthetic GreenScapes,+1 972-640-7101,landline,michael@syntheticgreenscapes.com,INVALID,https://www.syntheticgreenscapes.com/,,,4.9,172.0,Turf supplier,"Turf supplier, Service establishment, Lawn care service",Michael Grant,Michael,Grant,sales,12142089156.0,mobile,turf_installer,79,False,Outscraper-20260122015357m07_artificial_turf_installer_+3 (1).xlsx
Medallion Pools of Texas,+1 469-667-7426,mobile,shonna@medallionpooldesign.com,RECEIVING,http://www.medallionpooldesign.com/,McKinney,TX,4.8,166.0,Swimming pool contractor,"Swimming pool contractor, Construction company, Pool cleaning service, Swimming pool repair service",Shonna Brito,Shonna,Brito,owner and secretary,,,pool_contractor,79,False,Outscraper-20260122015301m55_swimming_pool_contractor_+3.xlsx
Fortress Foundation Systems,+1 469-771-4877,landline,chris@fortressfoundationsystems.com,INVALID,https://www.fortressfoundationsystems.com/%3Futm_source%3Dlocal%26utm_medium%3Dorganic-web-rockwall%26utm_campaign%3Dgmb,Rockwall,TX,4.9,357.0,Foundation,"Foundation, Concrete contractor, Contractor, Drainage service, Retaining wall supplier, Soil testing service, Waterproofing service",Chris Kennard,Chris,Kennard,business development,2144151918.0,mobile,wall_contractor,79,False,Outscraper-20260122015745m61_retaining_wall_contractor_+3 (1).xlsx
Fortress Foundation Systems,+1 469-771-4877,landline,cathy@fortressfoundationsystems.com,INVALID,https://www.fortressfoundationsystems.com/%3Futm_source%3Dlocal%26utm_medium%3Dorganic-web-rockwall%26utm_campaign%3Dgmb,Rockwall,TX,4.9,357.0,Foundation,"Foundation, Concrete contractor, Contractor, Drainage service, Retaining wall supplier, Soil testing service, Waterproofing service",Cathy Jo Hood,Cathy,Jo Hood,customer service executive,19728395358.0,mobile,wall_contractor,79,False,Outscraper-20260122015745m61_retaining_wall_contractor_+3 (1).xlsx
Synthetic Grass Pros,+1 972-420-7800,fixed line,matthewtellez@gmail.com,RECEIVING,https://www.syntheticgrasspros.com/%3Futm_source%3Dgoogle%26utm_medium%3Dorganic%26utm_campaign%3Dlocal_dallas,Dallas,TX,4.9,141.0,Turf supplier,"Turf supplier, Landscaper",Matthew Tellez,Matthew,Tellez,project manager and estimator,16237038725.0,mobile,turf_installer,78,False,Outscraper-20260122015357m07_artificial_turf_installer_+3 (1).xlsx
Southern Seasons Landscaping and Design,+1 972-623-8361,mobile,team@latofonts.com,RECEIVING,https://southernseasonstx.com/,Rockwall,TX,5.0,114.0,Landscaper,"Landscaper, Landscape designer, Landscape lighting designer",,,,,,,wall_contractor,76,False,Outscraper-20260122015745m61_retaining_wall_contractor_+3 (1).xlsx
Elite Swimming Pool & Spa Service,+1 469-855-4505,mobile,elitesss1@gmail.com,RECEIVING,http://elitesss.com/%3Futm_source%3DGoogle%2BProfile%26utm_medium%3Dorganic,Rockwall,TX,4.8,125.0,Swimming pool contractor,"Swimming pool contractor, Pool cleaning service, Swimming pool repair service",,,,,,,pool_contractor,76,False,Outscraper-20260122015301m55_swimming_pool_contractor_+3.xlsx
Southern Seasons Landscaping and Design,+1 972-623-8361,mobile,info@ndiscovered.com,INVALID,https://southernseasonstx.com/,Rockwall,TX,5.0,114.0,Landscaper,"Landscaper, Landscape designer, Landscape lighting designer",,,,,,,wall_contractor,76,False,Outscraper-20260122015745m61_retaining_wall_contractor_+3 (1).xlsx
Southern Seasons Landscaping and Design,+1 972-623-8361,mobile,contact@sansoxygen.com,RECEIVING,https://southernseasonstx.com/,Rockwall,TX,5.0,114.0,Landscaper,"Landscaper, Landscape designer, Landscape lighting designer",,,,,,,wall_contractor,76,False,Outscraper-20260122015745m61_retaining_wall_contractor_+3 (1).xlsx
My Pool Guy (Timothy Mott LLC),+1 469-651-9449,mobile,office@mypoolguy.com,RECEIVING,https://mypoolguy.com/,Royse City,TX,4.9,114.0,Swimming pool contractor,Swimming pool contractor,,,,,,,pool_contractor,75,False,Outscraper-20260122015301m55_swimming_pool_contractor_+3.xlsx
My Pool Guy (Timothy Mott LLC),+1 469-651-9449,mobile,tom@mypoolguy.com,INVALID,https://mypoolguy.com/,Royse City,TX,4.9,114.0,Swimming pool contractor,Swimming pool contractor,Tom Ernsdorf,Tom,Ernsdorf,business owner,,,pool_contractor,75,False,Outscraper-20260122015301m55_swimming_pool_contractor_+3.xlsx
My Pool Guy (Timothy Mott LLC),+1 469-651-9449,mobile,tim@mypoolguy.com,RECEIVING,https://mypoolguy.com/,Royse City,TX,4.9,114.0,Swimming pool contractor,Swimming pool contractor,,,,,,,pool_contractor,75,False,Outscraper-20260122015301m55_swimming_pool_contractor_+3.xlsx
Morton Pool Solutions / Renovations,+1 469-571-9608,mobile,mortonpoolsolutions@gmail.com,RECEIVING,https://mortonpoolsolutions.com/,Wylie,TX,5.0,94.0,Swimming pool contractor,"Swimming pool contractor, Concrete contractor, Deck builder, Demolition contractor, Outdoor swimming pool, Ready mix concrete supplier, Remodeler, Swimming pool repair service",,,,,,,pool_contractor,74,False,Outscraper-20260122015301m55_swimming_pool_contractor_+3.xlsx
JCL Landscape Services,+1 817-716-3095,mobile,steve@jcllandscaping.com,INVALID,http://jcllandscaping.com/,Colleyville,TX,4.8,104.0,Retaining wall supplier,"Retaining wall supplier, Landscape designer",steve suer,Steve,Suer,general manager,,,wall_contractor,74,False,Outscraper-20260122015745m61_retaining_wall_contractor_+3 (1).xlsx
JCL Landscape Services,+1 817-716-3095,mobile,david@jcllandscaping.com,INVALID,http://jcllandscaping.com/,Colleyville,TX,4.8,104.0,Retaining wall supplier,"Retaining wall supplier, Landscape designer",david fryer,David,Fryer,chief executive officer,,,wall_contractor,74,False,Outscraper-20260122015745m61_retaining_wall_contractor_+3 (1).xlsx
JCL Landscape Services,+1 817-716-3095,mobile,don@jcllandscaping.com,INVALID,http://jcllandscaping.com/,Colleyville,TX,4.8,104.0,Retaining wall supplier,"Retaining wall supplier, Landscape designer",don bosnick,Don,Bosnick,president,,,wall_contractor,74,False,Outscraper-20260122015745m61_retaining_wall_contractor_+3 (1).xlsx
Freddie America LLC â€“ Generac & Electrical Solutions,+1 214-537-5287,mobile,freddie1@freddieamerica.com,INVALID,https://freddieamerica.com/,,,4.9,94.0,Electrician,"Electrician, Service establishment, Electric generator shop",,,,,,,pool_contractor,73,False,Outscraper-20260122015301m55_swimming_pool_contractor_+3.xlsx
DFW Turf Solutions,+1 469-871-6634,landline,bennett@dfwturf.com.if,INVALID,https://dfwturf.com/university-park%3Futm_campaign%3DGBP_Lakewood%26utm_source%3DGoogle_Business_Profile%26utm_medium%3DGoogle_Business_Profile,Dallas,TX,5.0,86.0,Turf supplier,"Turf supplier, Landscape designer",Bennett Barrier,Bennett,Barrier,chief executive officer,5129222346.0,mobile,turf_installer,73,False,Outscraper-20260122015357m07_artificial_turf_installer_+3 (1).xlsx
Ruben's Mobile RV Services,+1 580-478-7055,mobile,,,https://rubensmobilervservice.square.site/,Wylie,TX,4.7,87.0,RV repair shop,RV repair shop,,,,,,,equipment_repair,72,False,Outscraper-20260122015520m63_heavy_equipment_repair_+3 (1).xlsx
Independent Landscaping,+1 214-907-0047,mobile,independentlandscaping18@gmail.com,RECEIVING,http://www.independentlandscapingtx.com/,Royse City,TX,4.8,83.0,Landscape designer,"Landscape designer, Fence contractor, Lawn sprinkler system contractor, Masonry contractor",,,,,,,wall_contractor,72,False,Outscraper-20260122015745m61_retaining_wall_contractor_+3 (1).xlsx
Independent Landscaping,+1 214-907-0047,mobile,il18@gmail.com,INVALID,http://www.independentlandscapingtx.com/,Royse City,TX,4.8,83.0,Landscape designer,"Landscape designer, Fence contractor, Lawn sprinkler system contractor, Masonry contractor",,,,,,,wall_contractor,72,False,Outscraper-20260122015745m61_retaining_wall_contractor_+3 (1).xlsx
TX Artificial Turf & Design,+1 469-560-7202,mobile,info@turfanddesign.com,RECEIVING,https://turfanddesign.com/,Rockwall,TX,5.0,79.0,Turf supplier,"Turf supplier, Landscape architect, Landscape designer, Landscaping supply store",,,,,,,turf_installer,72,False,Outscraper-20260122015357m07_artificial_turf_installer_+3 (1).xlsx
TX Artificial Turf & Design,+1 469-560-7202,mobile,support@turfanddesign.com,RECEIVING,https://turfanddesign.com/,Rockwall,TX,5.0,79.0,Turf supplier,"Turf supplier, Landscape architect, Landscape designer, Landscaping supply store",,,,,,,turf_installer,72,False,Outscraper-20260122015357m07_artificial_turf_installer_+3 (1).xlsx
TX Artificial Turf & Design,+1 469-560-7202,mobile,team@latofonts.com,RECEIVING,https://turfanddesign.com/,Rockwall,TX,5.0,79.0,Turf supplier,"Turf supplier, Landscape architect, Landscape designer, Landscaping supply store",,,,,,,turf_installer,72,False,Outscraper-20260122015357m07_artificial_turf_installer_+3 (1).xlsx
Podleski Construction,+1 972-415-1620,mobile,podleskiconstruction@yahoo.com,RECEIVING,https://podleskilc.com/,Rockwall,TX,5.0,59.0,Fence contractor,"Fence contractor, Construction company",,,,,,,wall_contractor,70,False,Outscraper-20260122015745m61_retaining_wall_contractor_+3 (1).xlsx
Artificial Grass TX,+1 713-340-4342,mobile,info@artificialgrasstx.com,RECEIVING,http://artificialgrasstx.com/,League City,TX,5.0,51.0,Turf supplier,"Turf supplier, Golf shop, Landscape designer",,,,,,,turf_installer,70,False,Outscraper-20260122015357m07_artificial_turf_installer_+3 (1).xlsx
DFW Pressure Washing,+1 469-887-1975,mobile,micah@micahrich.com,RECEIVING,http://www.dfwpressurewashing.com/,,,5.0,55.0,Pressure washing service,"Pressure washing service, Service establishment, Paint stripping service, Window cleaning service",,,,,,,pool_contractor,70,False,Outscraper-20260122015301m55_swimming_pool_contractor_+3.xlsx
DFW Pressure Washing,+1 469-887-1975,mobile,james@dfwpressurewashing.com,RECEIVING,http://www.dfwpressurewashing.com/,,,5.0,55.0,Pressure washing service,"Pressure washing service, Service establishment, Paint stripping service, Window cleaning service",,,,,,,pool_contractor,70,False,Outscraper-20260122015301m55_swimming_pool_contractor_+3.xlsx
"WinterGreen Synthetic Grass | Artificial Turf Installation Dallas, TX",+1 469-537-4747,landline,jonathan@wintergreengrass.com,INVALID,https://www.wintergreengrass.com/,Dallas,TX,5.0,59.0,Turf supplier,"Turf supplier, Artificial plant supplier, Golf course builder, Landscape architect, Landscape designer, Landscaper, Landscaping supply store, Lawn care service, Playground equipment supplier, Tennis court construction company",Jonathan Salas,Jonathan,Salas,company driver,4696829328.0,mobile,turf_installer,70,False,Outscraper-20260122015357m07_artificial_turf_installer_+3 (1).xlsx
Artificial Turf Maintenance,+1 469-955-1262,mobile,info@artificialturfmaintenance.com,UNKNOWN,http://artificialturfmaintenance.com/,,,5.0,57.0,Lawn care service,"Lawn care service, Service establishment, Landscaper",,,,,,,turf_installer,70,False,Outscraper-20260122015357m07_artificial_turf_installer_+3 (1).xlsx
Artificial Turf Maintenance,+1 469-955-1262,mobile,email-info@artificialturfmaintenance.com,UNKNOWN,http://artificialturfmaintenance.com/,,,5.0,57.0,Lawn care service,"Lawn care service, Service establishment, Landscaper",,,,,,,turf_installer,70,False,Outscraper-20260122015357m07_artificial_turf_installer_+3 (1).xlsx
Vera's Outdoor Solutions LLC,+1 469-888-2824,mobile,jericovera145@gmail.com,RECEIVING,https://verasoutdoorsolutions.com/,,,4.9,63.0,Landscaper,"Landscaper, Service establishment",,,,,,,turf_installer,70,False,Outscraper-20260122015357m07_artificial_turf_installer_+3 (1).xlsx
Turf It All,+1 972-565-0466,mobile,info@turfitall.com,RECEIVING,http://www.turfitall.com/,Richardson,TX,5.0,55.0,Turf supplier,"Turf supplier, Landscape designer",,,,,,,turf_installer,70,False,Outscraper-20260122015357m07_artificial_turf_installer_+3 (1).xlsx
Floor Coverings International of Northeast DFW,+1 469-402-3444,landline,twood@tfdc.com,INVALID,https://floorcoveringsinternational.com/locations/us/tx/northeast-dfw/%3Futm_source%3Dgoogle%26utm_medium%3Dgb,Wylie,TX,5.0,58.0,Flooring store,"Flooring store, Carpet installer, Carpet store, Floor refinishing service, Flooring contractor, Tile store, Wood and laminate flooring supplier, Wood floor installation service",Tom Wood,Tom,Wood,president and chief executive officer,14042427579.0,mobile,floor_coating,70,False,Outscraper-20260122015616m1a_epoxy_floor_coating_+3 (1).xlsx
Podleski Construction,+1 972-415-1620,mobile,info@mysite.com,RECEIVING,https://podleskilc.com/,Rockwall,TX,5.0,59.0,Fence contractor,"Fence contractor, Construction company",,,,,,,wall_contractor,70,False,Outscraper-20260122015745m61_retaining_wall_contractor_+3 (1).xlsx
205 Diesel Repair,+1 903-440-1620,mobile,service@205diesel.com,RECEIVING,https://www.205diesel.com/,Rockwall,TX,4.6,71.0,Truck repair shop,Truck repair shop,,,,,,,equipment_repair,70,False,Outscraper-20260122015520m63_heavy_equipment_repair_+3 (1).xlsx
Vera's Outdoor Solutions LLC,+1 469-888-2824,mobile,jericovera145@gmail.com,RECEIVING,https://verasoutdoorsolutions.com/,,,4.9,63.0,Landscaper,"Landscaper, Service establishment",,,,,,,repair,70,False,Outscraper-20260122014617m10_foundation_repair_+2 (1).xlsx
Vera's Outdoor Solutions LLC,+1 469-888-2824,mobile,jericovera145@gmail.com,RECEIVING,https://verasoutdoorsolutions.com/,,,4.9,63.0,Landscaper,"Landscaper, Service establishment",,,,,,,wall_contractor,70,False,Outscraper-20260122015745m61_retaining_wall_contractor_+3 (1).xlsx
TX Artificial Turf & Design,+1 469-560-7202,mobile,info@turfanddesign.com,RECEIVING,https://www.turfanddesign.com/,Dallas,TX,5.0,47.0,Landscaper,"Landscaper, Turf supplier",,,,,,,turf_installer,69,False,Outscraper-20260122015357m07_artificial_turf_installer_+3 (1).xlsx
Avatar Landscaping and Construction,+1 469-855-8022,mobile,avatarslandscaping@gmail.com,RECEIVING,https://avatarlandscapingandconstruction.com/,,,4.8,57.0,Landscape designer,"Landscape designer, Demolition contractor, Service establishment, Landscape architect, Landscape lighting designer, Landscaper, Lawn care service, Masonry contractor, Patio enclosure supplier, Retaining wall supplier, Tree service",,,,,,,pool_contractor,69,False,Outscraper-20260122015301m55_swimming_pool_contractor_+3.xlsx
Fantastic Turf,+1 972-816-6745,mobile,josh@fantasticturf.com,UNKNOWN,https://www.fantasticturf.com/,Dallas,TX,4.9,59.0,Turf supplier,Turf supplier,,,,,,,turf_installer,69,False,Outscraper-20260122015357m07_artificial_turf_installer_+3 (1).xlsx
Avatar Landscaping and Construction,+1 469-855-8022,mobile,eric@avatarlandscapingandconstruction.com,RECEIVING,https://avatarlandscapingandconstruction.com/,,,4.8,57.0,Landscape designer,"Landscape designer, Demolition contractor, Service establishment, Landscape architect, Landscape lighting designer, Landscaper, Lawn care service, Masonry contractor, Patio enclosure supplier, Retaining wall supplier, Tree service",,,,,,,wall_contractor,69,False,Outscraper-20260122015745m61_retaining_wall_contractor_+3 (1).xlsx
Avatar Landscaping and Construction,+1 469-855-8022,mobile,avatarslandscaping@gmail.com,RECEIVING,https://avatarlandscapingandconstruction.com/,,,4.8,57.0,Landscape designer,"Landscape designer, Demolition contractor, Service establishment, Landscape architect, Landscape lighting designer, Landscaper, Lawn care service, Masonry contractor, Patio enclosure supplier, Retaining wall supplier, Tree service",,,,,,,wall_contractor,69,False,Outscraper-20260122015745m61_retaining_wall_contractor_+3 (1).xlsx
TX Artificial Turf & Design,+1 469-560-7202,mobile,team@latofonts.com,RECEIVING,https://www.turfanddesign.com/,Dallas,TX,5.0,47.0,Landscaper,"Landscaper, Turf supplier",,,,,,,turf_installer,69,False,Outscraper-20260122015357m07_artificial_turf_installer_+3 (1).xlsx
Avatar Landscaping and Construction,+1 469-855-8022,mobile,eric@avatarlandscapingandconstruction.com,RECEIVING,https://avatarlandscapingandconstruction.com/,,,4.8,57.0,Landscape designer,"Landscape designer, Demolition contractor, Service establishment, Landscape architect, Landscape lighting designer, Landscaper, Lawn care service, Masonry contractor, Patio enclosure supplier, Retaining wall supplier, Tree service",,,,,,,pool_contractor,69,False,Outscraper-20260122015301m55_swimming_pool_contractor_+3.xlsx
Clicks Emergency Services,+1 214-766-6722,mobile,ed@clickses.com,RECEIVING,https://clickses.com/%3Fy_source%3D1_MTA0MzM5NzMwOC03MTUtbG9jYXRpb24ud2Vic2l0ZQ%3D%3D,,,5.0,41.0,Water damage restoration service,"Water damage restoration service, Dry wall contractor, Service establishment",,,,,,,damage_restoration_service,69,False,Outscraper-20260118234903s1b_water_damage_restoration_service_+8 (3).xlsx
TX Artificial Turf & Design,+1 469-560-7202,mobile,support@turfanddesign.com,RECEIVING,https://www.turfanddesign.com/,Dallas,TX,5.0,47.0,Landscaper,"Landscaper, Turf supplier",,,,,,,turf_installer,69,False,Outscraper-20260122015357m07_artificial_turf_installer_+3 (1).xlsx
Avatar Landscaping and Construction,+1 469-855-8022,mobile,reeve@avatarlandscapingandconstruction.com,RECEIVING,https://avatarlandscapingandconstruction.com/,,,4.8,57.0,Landscape designer,"Landscape designer, Demolition contractor, Service establishment, Landscape architect, Landscape lighting designer, Landscaper, Lawn care service, Masonry contractor, Patio enclosure supplier, Retaining wall supplier, Tree service",,,,,,,pool_contractor,69,False,Outscraper-20260122015301m55_swimming_pool_contractor_+3.xlsx
Avatar Landscaping and Construction,+1 469-855-8022,mobile,reeve@avatarlandscapingandconstruction.com,RECEIVING,https://avatarlandscapingandconstruction.com/,,,4.8,57.0,Landscape designer,"Landscape designer, Demolition contractor, Service establishment, Landscape architect, Landscape lighting designer, Landscaper, Lawn care service, Masonry contractor, Patio enclosure supplier, Retaining wall supplier, Tree service",,,,,,,wall_contractor,69,False,Outscraper-20260122015745m61_retaining_wall_contractor_+3 (1).xlsx
Epoxy Guys,+1 214-466-0216,mobile,Dallasepoxyguys@gmail.com,RECEIVING,https://www.facebook.com/pg/DallasEpoxyGuys,,,5.0,32.0,Flooring contractor,"Flooring contractor, Service establishment",,,,,,,floor_coating,68,False,Outscraper-20260122015616m1a_epoxy_floor_coating_+3 (1).xlsx
Pro Grade Services,+1 972-800-6399,mobile,pgsreed@yahoo.com,RECEIVING,https://progradeservices.com/,,,5.0,32.0,Drainage service,"Drainage service, Service establishment",,,,,,,wall_contractor,68,False,Outscraper-20260122015745m61_retaining_wall_contractor_+3 (1).xlsx
Living Water Custom Pools,+1 469-662-3600,mobile,lwcpstaff@gmail.com,RECEIVING,http://livingwatercustompools.com/,Plano,TX,4.8,46.0,Swimming pool contractor,Swimming pool contractor,,,,,,,pool_contractor,68,False,Outscraper-20260122015301m55_swimming_pool_contractor_+3.xlsx
Masterpiece Concrete LLC,+1 305-490-2168,mobile,masterpiececoncrete@hotmail.com,RECEIVING,https://www.masterpiececoncretecompany.com/,,,5.0,36.0,Empresa de hormigonado,"Concrete contractor, Service establishment",,,,,,,repair,68,False,Outscraper-20260122014617m10_foundation_repair_+2 (1).xlsx
Ken Winn the Tool Man Mobile RV Repairs,+1 903-340-4382,mobile,micah@micahrich.com,RECEIVING,https://kenwinnthetoolman.online/,Forney,TX,5.0,31.0,RV repair shop,RV repair shop,,,,,,,equipment_repair,68,False,Outscraper-20260122015520m63_heavy_equipment_repair_+3 (1).xlsx
Ken Winn the Tool Man Mobile RV Repairs,+1 903-340-4382,mobile,kenwinnthetoolman@gmail.com,RECEIVING,https://kenwinnthetoolman.online/,Forney,TX,5.0,31.0,RV repair shop,RV repair shop,,,,,,,equipment_repair,68,False,Outscraper-20260122015520m63_heavy_equipment_repair_+3 (1).xlsx
Living Water Custom Pools,+1 469-662-3600,mobile,info@livingwatercustompools.com,RECEIVING,http://livingwatercustompools.com/,Plano,TX,4.8,46.0,Swimming pool contractor,Swimming pool contractor,,,,,,,pool_contractor,68,False,Outscraper-20260122015301m55_swimming_pool_contractor_+3.xlsx
PuroClean of Rockwall,+1 972-961-4333,landline,ukjackusa@gmail.com,RECEIVING,https://www.puroclean.com/rockwall-tx,Rockwall,TX,5.0,30.0,Water damage restoration service,Water damage restoration service,Jonathan Beever,Jonathan,Beever,president,18458534433,mobile,damage_restoration_service,68,False,Outscraper-20260118234903s1b_water_damage_restoration_service_+8 (3).xlsx
Custom Pools By Brian,+1 469-307-3964,mobile,brian@custompoolsbybrian.com,UNKNOWN,https://www.custompoolsbybrian.com/,Nevada,TX,5.0,34.0,Swimming pool contractor,Swimming pool contractor,,,,,,,pool_contractor,68,False,Outscraper-20260122015301m55_swimming_pool_contractor_+3.xlsx
Custom Pools By Brian,+1 469-307-3964,mobile,webdev@poolbuilder-marketing.com,RECEIVING,https://www.custompoolsbybrian.com/,Nevada,TX,5.0,34.0,Swimming pool contractor,Swimming pool contractor,,,,,,,pool_contractor,68,False,Outscraper-20260122015301m55_swimming_pool_contractor_+3.xlsx
1-800 Water Damage of McKinney & Frisco,+1 972-888-6013,landline,adamredhoward@gmail.com,RECEIVING,https://www.1800waterdamage.com/mckinney-frisco/,McKinney,TX,5.0,34.0,Water damage restoration service,Water damage restoration service,Adam Howard,Adam,Howard,president,19197459128,mobile,damage_restoration_service,68,False,Outscraper-20260118234903s1b_water_damage_restoration_service_+8 (3).xlsx
Lawn & Golf Turfs of DFW,+1 214-680-4653,mobile,,,https://lawnandgolfturfs.com/,,,5.0,34.0,Turf supplier,"Turf supplier, Service establishment",,,,,,,turf_installer,68,False,Outscraper-20260122015357m07_artificial_turf_installer_+3 (1).xlsx
Synthetic Turf Experts,+1 972-363-9889,mobile,syntheticturfexperts@gmail.com,RECEIVING,https://syntheticturfexperts.com/,Frisco,TX,5.0,37.0,Landscaper,"Landscaper, Turf supplier",,,,,,,turf_installer,68,False,Outscraper-20260122015357m07_artificial_turf_installer_+3 (1).xlsx
Custom Pools By Brian,+1 469-307-3964,mobile,custompoolsbybrian@gmail.com,RECEIVING,https://www.custompoolsbybrian.com/,Nevada,TX,5.0,34.0,Swimming pool contractor,Swimming pool contractor,,,,,,,pool_contractor,68,False,Outscraper-20260122015301m55_swimming_pool_contractor_+3.xlsx
North Texas Turf - Synthetic Turf Supplier | Artificial Turf Installation & Maintenance,+1 940-641-4478,mobile,info@northtxturf.com,RECEIVING,https://www.northtxturf.com/,,,5.0,34.0,Turf supplier,"Turf supplier, Service establishment, Garden center, Landscaper, Lawn care service, Playground equipment supplier",,,,,,,turf_installer,68,False,Outscraper-20260122015357m07_artificial_turf_installer_+3 (1).xlsx
TurfRocks,+1 214-529-2134,mobile,sales@turfrocks.com,RECEIVING,http://www.turfrocks.com/,Anna,TX,4.8,48.0,Landscape designer,Landscape designer,,,,,,,turf_installer,68,False,Outscraper-20260122015357m07_artificial_turf_installer_+3 (1).xlsx
MG mobile RV repair,+1 469-463-3201,mobile,mai9026@gmail.com,RECEIVING,https://mgmobilervrepair.com/,Nevada,TX,4.9,41.0,RV repair shop,"RV repair shop, Mechanic",,,,,,,equipment_repair,68,False,Outscraper-20260122015520m63_heavy_equipment_repair_+3 (1).xlsx
1-800 Water Damage of NE Dallas & SE Collin,+1 469-940-5144,mobile,cmaxwell@cox.net,INVALID,https://www.1800waterdamage.com/ne-dallas-se-collin/%3Futm_campaign%3Dgbp,Garland,TX,4.9,37.0,Water damage restoration service,Water damage restoration service,Cindy Maxwell,Cindy,Maxwell,marketing director at 1-800 water damage,,,damage_restoration_service,67,False,Outscraper-20260118234903s1b_water_damage_restoration_service_+8 (3).xlsx
Lawn Doctor of Rockwall-Heath-Sunnyvale-Forney,+1 469-410-1748,mobile,tsket@lawndoctorinc.com,INVALID,https://www.lawndoctor.com/rockwall-tx%3Futm_source%3Dgooglebusinessprofile%26utm_medium%3Dorganic%26utm_campaign%3DQiigo,,,4.7,37.0,Lawn care service,"Lawn care service, Service establishment, Landscaper, Pest control service",tony skettle,Tony,Skettle,president,,,turf_installer,67,False,Outscraper-20260122015357m07_artificial_turf_installer_+3 (1).xlsx
1-800 Water Damage of NE Dallas & SE Collin,+1 469-940-5144,mobile,green-t@mindspring.com,INVALID,https://www.1800waterdamage.com/ne-dallas-se-collin/%3Futm_campaign%3Dgbp,Garland,TX,4.9,37.0,Water damage restoration service,Water damage restoration service,Ed Ketchoyian,Ed,Ketchoyian,general manager,,,damage_restoration_service,67,False,Outscraper-20260118234903s1b_water_damage_restoration_service_+8 (3).xlsx
Total Turf Management LLC,+1 903-413-5379,mobile,matt@total-turf.com,RECEIVING,http://total-turf.com/,,,5.0,21.0,Lawn care service,"Lawn care service, Service establishment",,,,,,,turf_installer,67,False,Outscraper-20260122015357m07_artificial_turf_installer_+3 (1).xlsx
Total Turf Management LLC,+1 903-413-5379,mobile,eben@eyebytes.com,RECEIVING,http://total-turf.com/,,,5.0,21.0,Lawn care service,"Lawn care service, Service establishment",,,,,,,turf_installer,67,False,Outscraper-20260122015357m07_artificial_turf_installer_+3 (1).xlsx
1-800 Water Damage of NE Dallas & SE Collin,+1 469-940-5144,mobile,adamredhoward@gmail.com,RECEIVING,https://www.1800waterdamage.com/ne-dallas-se-collin/%3Futm_campaign%3Dgbp,Garland,TX,4.9,37.0,Water damage restoration service,Water damage restoration service,Adam Howard,Adam,Howard,president,19197459128,mobile,damage_restoration_service,67,False,Outscraper-20260118234903s1b_water_damage_restoration_service_+8 (3).xlsx
Lawn Doctor of Rockwall-Heath-Sunnyvale-Forney,+1 469-410-1748,mobile,rsust@lawndoctorinc.com,INVALID,https://www.lawndoctor.com/rockwall-tx%3Futm_source%3Dgooglebusinessprofile%26utm_medium%3Dorganic%26utm_campaign%3DQiigo,,,4.7,37.0,Lawn care service,"Lawn care service, Service establishment, Landscaper, Pest control service",robie sustayta,Robie,Sustayta,area general manager,,,turf_installer,67,False,Outscraper-20260122015357m07_artificial_turf_installer_+3 (1).xlsx
365 Custom Turf,+1 972-777-5147,mobile,info@365customturf.com,RECEIVING,http://365customturf.com/,Richardson,TX,4.2,53.0,Turf supplier,"Turf supplier, Landscaper",,,,,,,turf_installer,67,False,Outscraper-20260122015357m07_artificial_turf_installer_+3 (1).xlsx
Collin County Concrete,+1 214-402-0027,mobile,services@collincountyconcrete.com,INVALID,https://collincountyconcrete.com/,Allen,TX,5.0,25.0,Concrete contractor,Concrete contractor,,,,,,,repair,67,False,Outscraper-20260122014617m10_foundation_repair_+2 (1).xlsx
Texas Metals and Contracting,+1 903-453-7001,mobile,alex.fetsko@townsquareinteractive.com,INVALID,http://texasmetalsandcontracting.com/%3Futm_source%3Dorganic%26utm_medium%3Dgoogle_my_business%26utm_id%3Dgoogle,,,5.0,29.0,Construction company,"Construction company, Concrete contractor, Contractor, Service establishment, General contractor, Steel fabricator",,,,,,,buildings_barndos,67,False,Outscraper-20260122014906m6a_metal_buildings_barndos_+3 (1).xlsx
Texas Metals and Contracting,+1 903-453-7001,mobile,meghan.mcmichael@townsquareinteractive.com,INVALID,http://texasmetalsandcontracting.com/%3Futm_source%3Dorganic%26utm_medium%3Dgoogle_my_business%26utm_id%3Dgoogle,,,5.0,29.0,Construction company,"Construction company, Concrete contractor, Contractor, Service establishment, General contractor, Steel fabricator",,,,,,,buildings_barndos,67,False,Outscraper-20260122014906m6a_metal_buildings_barndos_+3 (1).xlsx
Valor Epoxy & Flooring,+1 972-322-8643,mobile,valorepoxy@gmail.com,RECEIVING,http://valorepoxy.com/,,,4.9,30.0,Flooring contractor,"Flooring contractor, Service establishment, Floor refinishing service",,,,,,,floor_coating,67,False,Outscraper-20260122015616m1a_epoxy_floor_coating_+3 (1).xlsx
Ferguson Equipment Repair Group LLC,+1 346-218-6993,mobile,service@fergrepair.com,INVALID,https://fergrepair.com/%3Futm_source%3DGMB,Willis,TX,4.8,33.0,Farm equipment repair service,"Farm equipment repair service, Equipment supplier, Mechanic",,,,,,,equipment_repair,67,False,Outscraper-20260122015520m63_heavy_equipment_repair_+3 (1).xlsx
Ferguson Equipment Repair Group LLC,+1 346-218-6993,mobile,service@fergusonequipmentrepairgroup.com,INVALID,https://fergrepair.com/%3Futm_source%3DGMB,Willis,TX,4.8,33.0,Farm equipment repair service,"Farm equipment repair service, Equipment supplier, Mechanic",,,,,,,equipment_repair,67,False,Outscraper-20260122015520m63_heavy_equipment_repair_+3 (1).xlsx
FoRRest Mobile Small Engine Repair LLC,+1 214-406-6105,mobile,fsermobile@gmail.com,RECEIVING,http://fsermobile.com/,Rockwall,TX,4.5,46.0,Lawn mower repair service,"Lawn mower repair service, Small engine repair service",,,,,,,equipment_repair,67,False,Outscraper-20260122015520m63_heavy_equipment_repair_+3 (1).xlsx
Texas Metals and Contracting,+1 903-453-7001,mobile,texasmetalsandcontracting@yahoo.com,RECEIVING,http://texasmetalsandcontracting.com/%3Futm_source%3Dorganic%26utm_medium%3Dgoogle_my_business%26utm_id%3Dgoogle,,,5.0,29.0,Construction company,"Construction company, Concrete contractor, Contractor, Service establishment, General contractor, Steel fabricator",,,,,,,buildings_barndos,67,False,Outscraper-20260122014906m6a_metal_buildings_barndos_+3 (1).xlsx
Lawn Doctor of Rockwall-Heath-Sunnyvale-Forney,+1 469-410-1748,mobile,vmarr@lawndoctorinc.com,INVALID,https://www.lawndoctor.com/rockwall-tx%3Futm_source%3Dgooglebusinessprofile%26utm_medium%3Dorganic%26utm_campaign%3DQiigo,,,4.7,37.0,Lawn care service,"Lawn care service, Service establishment, Landscaper, Pest control service",victor marrero,Victor,Marrero,president-ibew local 45,,,turf_installer,67,False,Outscraper-20260122015357m07_artificial_turf_installer_+3 (1).xlsx
Rockwall Stone Design,+1 972-948-8965,mobile,info@rockwallstone.net,INVALID,http://www.rockwallstonedesign.com/,,,5.0,12.0,Landscape designer,"Landscape designer, Service establishment, Landscape architect, Retaining wall supplier",,,,,,,wall_contractor,66,False,Outscraper-20260122015745m61_retaining_wall_contractor_+3 (1).xlsx
Fredonia Outdoor Services,+1 214-482-4496,mobile,info@fredoniaoutdoorservices.com,INVALID,http://fredoniaoutdoorservices.com/,Rockwall,TX,5.0,17.0,Construction company,Construction company,,,,,,,wall_contractor,66,False,Outscraper-20260122015745m61_retaining_wall_contractor_+3 (1).xlsx
Extreme Concrete Construction LLC,+1 214-606-0727,mobile,bids@extremeconcreteconstructionllc.com,RECEIVING,http://www.extremeconcreteconstructionllc.com/,Forney,TX,4.7,22.0,Concrete contractor,"Concrete contractor, General contractor",,,,,,,repair,66,False,Outscraper-20260122014617m10_foundation_repair_+2 (1).xlsx
Vista Buena LLC,+1 214-566-0574,mobile,octavio@buenavistaconstructions.com,RECEIVING,https://vista-buena.com/,,,5.0,19.0,Landscaper,"Landscaper, Service establishment, Lawn sprinkler system contractor",,,,,,,wall_contractor,66,False,Outscraper-20260122015745m61_retaining_wall_contractor_+3 (1).xlsx
Concrete Resurfacing Specialist,+1 214-364-5008,mobile,info@txcrs.com,INVALID,https://txcrs.com/,,,5.0,12.0,Concrete contractor,"Concrete contractor, Service establishment, Floor refinishing service, Flooring contractor",,,,,,,repair,66,False,Outscraper-20260122014617m10_foundation_repair_+2 (1).xlsx
Rockwall Contractors,+1 972-762-9502,mobile,ecastro@rockwallcontractors.com,RECEIVING,https://www.rockwallcontractors.com/,Rockwall,TX,4.9,29.0,General contractor,"General contractor, Bathroom remodeler, Kitchen remodeler, Masonry contractor, Remodeler, Swimming pool contractor",,,,,,,wall_contractor,66,False,Outscraper-20260122015745m61_retaining_wall_contractor_+3 (1).xlsx
Mike's Mobile Garage,+1 903-422-1274,mobile,mike@mikesmobilerepairtx.com,RECEIVING,http://www.mikesmobilerepairtx.com/,Melissa,TX,5.0,18.0,Tractor repair shop,Tractor repair shop,,,,,,,equipment_repair,66,False,Outscraper-20260122015520m63_heavy_equipment_repair_+3 (1).xlsx
On Target Mobile Repair LLC,+1 469-897-1241,mobile,ontargetmobilerepair@gmail.com,RECEIVING,https://www.ontargetmobilerepair.com/,,,5.0,12.0,Diesel engine repair service,"Diesel engine repair service, Service establishment, Mechanic, Repair service",,,,,,,equipment_repair,66,False,Outscraper-20260122015520m63_heavy_equipment_repair_+3 (1).xlsx
On Target Mobile Repair LLC,+1 469-897-1241,mobile,info@ontargetmobilerepair.com,INVALID,https://www.ontargetmobilerepair.com/,,,5.0,12.0,Diesel engine repair service,"Diesel engine repair service, Service establishment, Mechanic, Repair service",,,,,,,equipment_repair,66,False,Outscraper-20260122015520m63_heavy_equipment_repair_+3 (1).xlsx
First Response Mobile Trailer Repair,+1 469-970-0462,mobile,,,https://www.firstresponsetrailer.com/,,,5.0,12.0,Mechanic,"Mechanic, Service establishment",,,,,,,equipment_repair,66,False,Outscraper-20260122015520m63_heavy_equipment_repair_+3 (1).xlsx
Rockwall Stone Design,+1 972-948-8965,mobile,info@rockwallstonedesign.com,RECEIVING,http://www.rockwallstonedesign.com/,,,5.0,12.0,Landscape designer,"Landscape designer, Service establishment, Landscape architect, Retaining wall supplier",,,,,,,wall_contractor,66,False,Outscraper-20260122015745m61_retaining_wall_contractor_+3 (1).xlsx
Rockwall Stone Design,+1 972-948-8965,mobile,rockwallstonedesign@gmail.com,RECEIVING,http://www.rockwallstonedesign.com/,,,5.0,12.0,Landscape designer,"Landscape designer, Service establishment, Landscape architect, Retaining wall supplier",,,,,,,wall_contractor,66,False,Outscraper-20260122015745m61_retaining_wall_contractor_+3 (1).xlsx
Howard-Dale Electrical Services,+1 469-512-3542,mobile,info@hdelectrical.com,INVALID,http://callhdelectrical.com/,,,5.0,13.0,Electrician,"Electrician, Service establishment",,,,,,,pool_contractor,66,False,Outscraper-20260122015301m55_swimming_pool_contractor_+3.xlsx
Vista Buena LLC,+1 214-566-0574,mobile,octavio@buenavistaconstructions.com,RECEIVING,https://vista-buena.com/,,,5.0,19.0,Landscaper,"Landscaper, Service establishment, Lawn sprinkler system contractor",,,,,,,pool_contractor,66,False,Outscraper-20260122015301m55_swimming_pool_contractor_+3.xlsx
TX Blue Line Pools,+1 214-458-7998,mobile,txbluelinepools@gmail.com,RECEIVING,http://www.txbluelinepools.com/,,,5.0,13.0,Swimming pool contractor,"Swimming pool contractor, Service establishment",,,,,,,pool_contractor,66,False,Outscraper-20260122015301m55_swimming_pool_contractor_+3.xlsx
TX Blue Line Pools,+1 214-458-7998,mobile,lemonad@jovanny.ru,INVALID,http://www.txbluelinepools.com/,,,5.0,13.0,Swimming pool contractor,"Swimming pool contractor, Service establishment",,,,,,,pool_contractor,66,False,Outscraper-20260122015301m55_swimming_pool_contractor_+3.xlsx
JJ General Contractor LLC,+1 469-831-8810,mobile,info@jjgeneralcontractor.net,RECEIVING,http://www.jjgeneralcontractors.net/,,,5.0,12.0,General contractor,"General contractor, Service establishment",,,,,,,pool_contractor,66,False,Outscraper-20260122015301m55_swimming_pool_contractor_+3.xlsx
14K Water Play,+1 469-509-0998,mobile,contact@14kwaterplay.com,UNKNOWN,http://14kwaterplay.com/,,,5.0,13.0,Boat rental service,"Boat rental service, Service establishment",,,,,,,pool_contractor,66,False,Outscraper-20260122015301m55_swimming_pool_contractor_+3.xlsx
RestoreNow Property Restoration,+1 214-384-6828,mobile,info@restorenow.pro,RECEIVING,http://www.restorenow.pro/,Nevada,TX,5.0,10.0,Water damage restoration service,"Water damage restoration service, Fire damage restoration service, General contractor",,,,,,,damage_restoration_service,66,False,Outscraper-20260118234903s1b_water_damage_restoration_service_+8 (3).xlsx
Howard-Dale Electrical Services,+1 469-512-3542,mobile,callhdelectrical@gmail.com,RECEIVING,http://callhdelectrical.com/,,,5.0,13.0,Electrician,"Electrician, Service establishment",,,,,,,pool_contractor,66,False,Outscraper-20260122015301m55_swimming_pool_contractor_+3.xlsx
Howard-Dale Electrical Services,+1 469-512-3542,mobile,callhdelecrtrical@gmail.com,INVALID,http://callhdelectrical.com/,,,5.0,13.0,Electrician,"Electrician, Service establishment",,,,,,,pool_contractor,66,False,Outscraper-20260122015301m55_swimming_pool_contractor_+3.xlsx
Triple M Heating & Air Solutions LLC,+1 469-268-1493,mobile,triplemhvacsolutions@gmail.com,RECEIVING,https://www.triplemairsolutions.com/,,,5.0,13.0,Air conditioning repair service,"Air conditioning repair service, Air conditioning contractor, Air conditioning system supplier, Air duct cleaning service, Service establishment, Heating contractor, Heating equipment supplier, HVAC contractor",,,,,,,equipment_repair,66,False,Outscraper-20260122015520m63_heavy_equipment_repair_+3 (1).xlsx
"TCC Construction Co, LLC (Rockwall)",+1 214-908-7432,mobile,joseph@tcctex.com,RECEIVING,http://www.tcctex.com/home/rockwall-location/,Rockwall,TX,4.7,13.0,Roofing contractor,"Concrete contractor, Roofing contractor, Fence contractor, General contractor",,,,,,,repair,65,False,Outscraper-20260122014617m10_foundation_repair_+2 (1).xlsx
Medical Equipment Repair,+1 214-325-4349,mobile,info@repairprousa.com,RECEIVING,http://www.repairprousa.com/,Allen,TX,5.0,6.0,Medical equipment supplier,"Repair service, Medical equipment supplier",,,,,,,equipment_repair,65,False,Outscraper-20260122015520m63_heavy_equipment_repair_+3 (1).xlsx
Truck Repair Expert,+1 214-463-2961,mobile,contact@truckrepairexpert.com,UNKNOWN,https://truckrepairexpert.com/diesel-mechanic-sachse-tx/,Sachse,TX,5.0,1.0,Truck repair shop,Truck repair shop,,,,,,,equipment_repair,65,False,Outscraper-20260122015520m63_heavy_equipment_repair_+3 (1).xlsx
"TCC Construction Co, LLC (Rockwall)",+1 214-908-7432,mobile,boss@tcctex.com,RECEIVING,http://www.tcctex.com/home/rockwall-location/,Rockwall,TX,4.7,13.0,Roofing contractor,"Concrete contractor, Roofing contractor, Fence contractor, General contractor",,,,,,,repair,65,False,Outscraper-20260122014617m10_foundation_repair_+2 (1).xlsx
Roltex Concrete LLC - Driveways & Concrete Pouring Services,+1 903-413-5063,mobile,info@roltexconcretellc.com,RECEIVING,http://www.roltexconcretellc.com/,,,5.0,7.0,Concrete contractor,"Concrete contractor, Service establishment",,,,,,,repair,65,False,Outscraper-20260122014617m10_foundation_repair_+2 (1).xlsx
T.X. Steele,+1 214-280-3264,mobile,micah@micahrich.com,RECEIVING,http://txsteele.com/,Caddo Mills,TX,4.4,29.0,Custom home builder,Custom home builder,,,,,,,buildings_barndos,65,False,Outscraper-20260122014906m6a_metal_buildings_barndos_+3 (1).xlsx
TX Pool & Construction,+1 469-494-9120,mobile,aulloa@txpoolconstruction.com,RECEIVING,https://txpoolconstruction.com/,Dallas,TX,4.8,19.0,Swimming pool contractor,Swimming pool contractor,,,,,,,pool_contractor,65,False,Outscraper-20260122015301m55_swimming_pool_contractor_+3.xlsx
Famoustx pools & construction,+1 214-507-7239,mobile,sales@ftxpoolsandconstruction.com,RECEIVING,http://famoustxpoolsandconstruction.com/,,,5.0,6.0,Construction company,"Construction company, Service establishment",,,,,,,pool_contractor,65,False,Outscraper-20260122015301m55_swimming_pool_contractor_+3.xlsx
Creative Pools Rockwall,+1 214-923-7909,mobile,agustinamingote@gmail.com,RECEIVING,https://creativepoolsrockwall.com/,,,5.0,7.0,Swimming pool contractor,"Swimming pool contractor, Service establishment",,,,,,,pool_contractor,65,False,Outscraper-20260122015301m55_swimming_pool_contractor_+3.xlsx
Famoustx pools & construction,+1 214-507-7239,mobile,famoustxpools.construction@gmail.com,RECEIVING,http://famoustxpoolsandconstruction.com/,,,5.0,6.0,Construction company,"Construction company, Service establishment",,,,,,,pool_contractor,65,False,Outscraper-20260122015301m55_swimming_pool_contractor_+3.xlsx
Creative Pools Rockwall,+1 214-923-7909,mobile,contact@sansoxygen.com,RECEIVING,https://creativepoolsrockwall.com/,,,5.0,7.0,Swimming pool contractor,"Swimming pool contractor, Service establishment",,,,,,,pool_contractor,65,False,Outscraper-20260122015301m55_swimming_pool_contractor_+3.xlsx
Turf Solutions,+1 214-641-3727,mobile,brad@lonestarturf.com,RECEIVING,http://www.lonestarturf.com/,,,5.0,6.0,Lawn care service,"Lawn care service, Service establishment",,,,,,,turf_installer,65,False,Outscraper-20260122015357m07_artificial_turf_installer_+3 (1).xlsx
Turf Green Lawn Care,+1 469-230-7895,mobile,contact@turfgreenlawn.net,RECEIVING,http://turfgreenlawn.net/,Nevada,TX,4.9,17.0,Lawn care service,Lawn care service,,,,,,,turf_installer,65,False,Outscraper-20260122015357m07_artificial_turf_installer_+3 (1).xlsx
Turf Green Lawn Care,+1 469-230-7895,mobile,info@mysite.com,RECEIVING,http://turfgreenlawn.net/,Nevada,TX,4.9,17.0,Lawn care service,Lawn care service,,,,,,,turf_installer,65,False,Outscraper-20260122015357m07_artificial_turf_installer_+3 (1).xlsx
Turf Green Lawn Care,+1 469-230-7895,mobile,info@turfgreenlawn.net,INVALID,http://turfgreenlawn.net/,Nevada,TX,4.9,17.0,Lawn care service,Lawn care service,,,,,,,turf_installer,65,False,Outscraper-20260122015357m07_artificial_turf_installer_+3 (1).xlsx
Drees Custom Homes at Hillstead,+1 469-600-6800,fixed line,sharon.thornton@hughes.net,INVALID,https://www.dreeshomes.com/new-homes-dallas-ft-worth/lavon-tx/comm-hillstead/hillstead/%3Fview%3Dfloorplans,Lavon,TX,5.0,1.0,Custom home builder,Custom home builder,Sharon Thornton,Sharon,Thornton,senior estimator,15402291059.0,mobile,pool_contractor,65,False,Outscraper-20260122015301m55_swimming_pool_contractor_+3.xlsx
Turf Solutions,+1 214-641-3727,mobile,brad@turfsolutions.com,RECEIVING,http://www.lonestarturf.com/,,,5.0,6.0,Lawn care service,"Lawn care service, Service establishment",,,,,,,turf_installer,65,False,Outscraper-20260122015357m07_artificial_turf_installer_+3 (1).xlsx
DFW Turf & Design LLC,+1 214-753-3040,mobile,Ntxturfdesign@gmail.com,RECEIVING,https://www.facebook.com/profile.php%3Fid%3D61555486511097%26mibextid%3DLQQJ4d,,,5.0,2.0,Turf supplier,"Turf supplier, Service establishment",,,,,,,turf_installer,65,False,Outscraper-20260122015357m07_artificial_turf_installer_+3 (1).xlsx
Apex Turf & Outdoor Design Llc,+1 469-668-8026,mobile,jorgeb@apexturfandoutdoor.com,INVALID,http://apexturfandoutdoor.com/,,,5.0,3.0,Turf supplier,"Turf supplier, Service establishment",,,,,,,turf_installer,65,False,Outscraper-20260122015357m07_artificial_turf_installer_+3 (1).xlsx
"TX Turf & Outdoor, LLC",+1 214-499-4034,mobile,matt@tx-turf.com,RECEIVING,https://tx-turf.com/,McKinney,TX,5.0,2.0,Turf supplier,Turf supplier,,,,,,,turf_installer,65,False,Outscraper-20260122015357m07_artificial_turf_installer_+3 (1).xlsx
"TX Turf & Outdoor, LLC",+1 214-499-4034,mobile,hello@rfuenzalida.com,INVALID,https://tx-turf.com/,McKinney,TX,5.0,2.0,Turf supplier,Turf supplier,,,,,,,turf_installer,65,False,Outscraper-20260122015357m07_artificial_turf_installer_+3 (1).xlsx
"TX Turf & Outdoor, LLC",+1 214-499-4034,mobile,matt@pixelspread.com,RECEIVING,https://tx-turf.com/,McKinney,TX,5.0,2.0,Turf supplier,Turf supplier,,,,,,,turf_installer,65,False,Outscraper-20260122015357m07_artificial_turf_installer_+3 (1).xlsx
"TCC Construction Co, LLC (Rockwall)",+1 214-908-7432,mobile,samuel.tully@yahoo.com,RECEIVING,http://www.tcctex.com/home/rockwall-location/,Rockwall,TX,4.7,13.0,Roofing contractor,"Roofing contractor, Concrete contractor, Fence contractor, General contractor",,,,,,,wall_contractor,65,False,Outscraper-20260122015745m61_retaining_wall_contractor_+3 (1).xlsx
"TCC Construction Co, LLC (Rockwall)",+1 214-908-7432,mobile,boss@tcctex.com,RECEIVING,http://www.tcctex.com/home/rockwall-location/,Rockwall,TX,4.7,13.0,Roofing contractor,"Roofing contractor, Concrete contractor, Fence contractor, General contractor",,,,,,,wall_contractor,65,False,Outscraper-20260122015745m61_retaining_wall_contractor_+3 (1).xlsx
Las Colinas Pools & Spas,+1 972-979-3885,mobile,lascolinaspools@gmail.com,RECEIVING,https://lascolinaspools.com/,Plano,TX,5.0,5.0,Swimming pool contractor,Swimming pool contractor,,,,,,,pool_contractor,65,False,Outscraper-20260122015301m55_swimming_pool_contractor_+3.xlsx
ART Pool Service,+1 945-341-5177,mobile,artpoolsvc@gmail.com,RECEIVING,https://www.artpoolservice.com/,,,5.0,9.0,Swimming pool repair service,"Swimming pool repair service, Service establishment",,,,,,,pool_contractor,65,False,Outscraper-20260122015301m55_swimming_pool_contractor_+3.xlsx
Drees Custom Homes at Hillstead,+1 469-600-6800,fixed line,laurel1180@msn.com,RECEIVING,https://www.dreeshomes.com/new-homes-dallas-ft-worth/lavon-tx/comm-hillstead/hillstead/%3Fview%3Dfloorplans,Lavon,TX,5.0,1.0,Custom home builder,Custom home builder,Laurel Stearns,Laurel,Stearns,design consultant,15126710378.0,mobile,pool_contractor,65,False,Outscraper-20260122015301m55_swimming_pool_contractor_+3.xlsx
Roltex Concrete LLC - Driveways & Concrete Pouring Services,+1 903-413-5063,mobile,info@roltexconcretellc.com,RECEIVING,http://www.roltexconcretellc.com/,,,5.0,7.0,Concrete contractor,"Concrete contractor, Service establishment",,,,,,,wall_contractor,65,False,Outscraper-20260122015745m61_retaining_wall_contractor_+3 (1).xlsx
Hudson Epoxy Flooring LLC,+1 551-697-3309,mobile,hudsonepoxyflooring@gmail.com,RECEIVING,https://hudsonepoxyflooring.com/,Bayonne,NJ,4.5,26.0,Flooring contractor,"Flooring contractor, Concrete contractor, Contractor",,,,,,,floor_coating,65,False,Outscraper-20260122015616m1a_epoxy_floor_coating_+3 (1).xlsx
Epoxy Floored,+1 469-693-1017,mobile,epoxyfloored@yahoo.com,RECEIVING,https://epoxyfloored.com/,Melissa,TX,5.0,7.0,Flooring contractor,Flooring contractor,,,,,,,floor_coating,65,False,Outscraper-20260122015616m1a_epoxy_floor_coating_+3 (1).xlsx
NTX Landscaping & Design,+1 469-990-3335,mobile,support@webador.com,RECEIVING,https://www.ntxlandscapingdesign.com/,,,5.0,4.0,Landscaper,"Landscaper, Concrete contractor, Construction company, Contractor, Service establishment, Lawn sprinkler system contractor, Masonry contractor, Sod supplier",,,,,,,wall_contractor,65,False,Outscraper-20260122015745m61_retaining_wall_contractor_+3 (1).xlsx
Merit Construction NTX,+1 972-955-3214,mobile,team@latofonts.com,RECEIVING,https://meritconstruction.net/,,,4.6,21.0,Steel erector,"Steel erector, Service establishment",,,,,,,buildings_barndos,65,False,Outscraper-20260122014906m6a_metal_buildings_barndos_+3 (1).xlsx
"TCC Construction Co, LLC (Rockwall)",+1 214-908-7432,mobile,joseph@tcctex.com,RECEIVING,http://www.tcctex.com/home/rockwall-location/,Rockwall,TX,4.7,13.0,Roofing contractor,"Roofing contractor, Concrete contractor, Fence contractor, General contractor",,,,,,,wall_contractor,65,False,Outscraper-20260122015745m61_retaining_wall_contractor_+3 (1).xlsx
SAS CONCRETE SERVICES,+1 214-715-0861,mobile,sasconcreteservices@gmail.com,RECEIVING,http://facebook.com/sasconcreteservices,,,5.0,3.0,Concrete contractor,"Concrete contractor, Service establishment",,,,,,,wall_contractor,65,False,Outscraper-20260122015745m61_retaining_wall_contractor_+3 (1).xlsx
JCK Concrete Inc.,+1 469-338-7666,mobile,cesar.b@jckcorporate.net,RECEIVING,http://www.jckconcrete.net/,Royse City,TX,4.8,14.0,Concrete contractor,"Concrete contractor, Construction company",,,,,,,repair,65,False,Outscraper-20260122014617m10_foundation_repair_+2 (1).xlsx
"TCC Construction Co, LLC (Rockwall)",+1 214-908-7432,mobile,samuel.tully@yahoo.com,RECEIVING,http://www.tcctex.com/home/rockwall-location/,Rockwall,TX,4.7,13.0,Roofing contractor,"Concrete contractor, Roofing contractor, Fence contractor, General contractor",,,,,,,repair,65,False,Outscraper-20260122014617m10_foundation_repair_+2 (1).xlsx
"Wayne Cole Contracting, LLC",+1 469-910-2997,mobile,info@waynecolecontracting.com,RECEIVING,https://www.waynecolecontracting.com/,,,5.0,4.0,Construction company,"Construction company, Building consultant, Service establishment",,,,,,,buildings_barndos,65,False,Outscraper-20260122014906m6a_metal_buildings_barndos_+3 (1).xlsx
True Steel Construction,+1 917-204-9870,mobile,truesteelconstruction@gmail.com,RECEIVING,https://www.truesteelconstruction.com/,Newark,NJ,5.0,2.0,Steel construction company,"Steel construction company, Metal services, Steel fabricator, Steel framework contractor",,,,,,,buildings_barndos,65,False,Outscraper-20260122014906m6a_metal_buildings_barndos_+3 (1).xlsx
T.X. Steele,+1 214-280-3264,mobile,riley@txsteele.com,RECEIVING,http://txsteele.com/,Caddo Mills,TX,4.4,29.0,Custom home builder,Custom home builder,,,,,,,buildings_barndos,65,False,Outscraper-20260122014906m6a_metal_buildings_barndos_+3 (1).xlsx
T.X. Steele,+1 214-280-3264,mobile,gary@txsteele.com,RECEIVING,http://txsteele.com/,Caddo Mills,TX,4.4,29.0,Custom home builder,Custom home builder,,,,,,,buildings_barndos,65,False,Outscraper-20260122014906m6a_metal_buildings_barndos_+3 (1).xlsx
"TCC Construction Co, LLC (Rockwall)",+1 214-908-7432,mobile,joseph@tcctex.com,RECEIVING,http://www.tcctex.com/home/rockwall-location/,Rockwall,TX,4.7,13.0,Roofing contractor,"Roofing contractor, Concrete contractor, Fence contractor, General contractor",,,,,,,buildings_barndos,65,False,Outscraper-20260122014906m6a_metal_buildings_barndos_+3 (1).xlsx
JCK Concrete Inc.,+1 469-338-7666,mobile,jckreceivables@jckcorporate.net,RECEIVING,http://www.jckconcrete.net/,Royse City,TX,4.8,14.0,Concrete contractor,"Concrete contractor, Construction company",,,,,,,repair,65,False,Outscraper-20260122014617m10_foundation_repair_+2 (1).xlsx
Custom Concrete & Construction,+1 214-632-9408,mobile,john@customconcretetx.net,RECEIVING,https://www.customconcretetx.net/,,,4.7,13.0,Concrete contractor,"Concrete contractor, Service establishment",,,,,,,repair,65,False,Outscraper-20260122014617m10_foundation_repair_+2 (1).xlsx
JCK Concrete Inc.,+1 469-338-7666,mobile,jckpayables@jckcorporate.net,RECEIVING,http://www.jckconcrete.net/,Royse City,TX,4.8,14.0,Concrete contractor,"Concrete contractor, Construction company",,,,,,,repair,65,False,Outscraper-20260122014617m10_foundation_repair_+2 (1).xlsx
True Steel Construction,+1 917-204-9870,mobile,sales@truesteelconstruction.com,RECEIVING,https://www.truesteelconstruction.com/,Newark,NJ,5.0,2.0,Steel construction company,"Steel construction company, Metal services, Steel fabricator, Steel framework contractor",,,,,,,buildings_barndos,65,False,Outscraper-20260122014906m6a_metal_buildings_barndos_+3 (1).xlsx
"TCC Construction Co, LLC (Rockwall)",+1 214-908-7432,mobile,boss@tcctex.com,RECEIVING,http://www.tcctex.com/home/rockwall-location/,Rockwall,TX,4.7,13.0,Roofing contractor,"Roofing contractor, Concrete contractor, Fence contractor, General contractor",,,,,,,buildings_barndos,65,False,Outscraper-20260122014906m6a_metal_buildings_barndos_+3 (1).xlsx
Rockwall Contractors Inc,+1 972-762-9502,mobile,ecastro@rockwallcontractors.com,RECEIVING,https://rockwallcontractors.com/,,,5.0,1.0,Swimming pool contractor,"Swimming pool contractor, Concrete contractor, Construction company, Contractor, Service establishment, Wheelchair store",,,,,,,wall_contractor,65,False,Outscraper-20260122015745m61_retaining_wall_contractor_+3 (1).xlsx
"Wayne Cole Contracting, LLC",+1 469-910-2997,mobile,justin@waynecolecontracting.com,RECEIVING,https://www.waynecolecontracting.com/,,,5.0,4.0,Construction company,"Construction company, Building consultant, Service establishment",,,,,,,buildings_barndos,65,False,Outscraper-20260122014906m6a_metal_buildings_barndos_+3 (1).xlsx
"TCC Construction Co, LLC (Rockwall)",+1 214-908-7432,mobile,samuel.tully@yahoo.com,RECEIVING,http://www.tcctex.com/home/rockwall-location/,Rockwall,TX,4.7,13.0,Roofing contractor,"Roofing contractor, Concrete contractor, Fence contractor, General contractor",,,,,,,buildings_barndos,65,False,Outscraper-20260122014906m6a_metal_buildings_barndos_+3 (1).xlsx
Blue Line Pool & Patio,+1 469-338-3507,mobile,alphonso@bluelinepoolandpatio.com,RECEIVING,http://www.bluelinepoolandpatio.com/,,,4.6,16.0,Swimming pool contractor,"Swimming pool contractor, Service establishment, Turf supplier",,,,,,,pool_contractor,64,False,Outscraper-20260122015301m55_swimming_pool_contractor_+3.xlsx
Blue Line Pool & Patio,+1 469-338-3507,mobile,bluelinepoolandpatio@gmail.com,RECEIVING,http://www.bluelinepoolandpatio.com/,,,4.6,16.0,Swimming pool contractor,"Swimming pool contractor, Service establishment, Turf supplier",,,,,,,pool_contractor,64,False,Outscraper-20260122015301m55_swimming_pool_contractor_+3.xlsx
Blue Line Pool & Patio,+1 469-338-3507,mobile,patriotpoolandpatio@gmail.com,RECEIVING,http://www.bluelinepoolandpatio.com/,,,4.6,16.0,Swimming pool contractor,"Swimming pool contractor, Service establishment, Turf supplier",,,,,,,pool_contractor,64,False,Outscraper-20260122015301m55_swimming_pool_contractor_+3.xlsx
Rubber Ducky Pools,+1 972-523-8259,mobile,linwade@sbcglobal.net,RECEIVING,http://www.rubberduckypools.co/,Forney,TX,4.6,12.0,Pool cleaning service,"Swimming pool contractor, Pool cleaning service, Swimming pool repair service",,,,,,,pool_contractor,64,False,Outscraper-20260122015301m55_swimming_pool_contractor_+3.xlsx
TCB Construction Group LLC,+1 214-708-2685,mobile,dbarnett@tcbconstructiongroup.com,INVALID,http://tcbconstructiongroup.com/,Rockwall,TX,4.5,8.0,Construction company,Construction company,Dominique Barnett,Dominique,Barnett,human resources and project manager,,,buildings_barndos,63,False,Outscraper-20260122014906m6a_metal_buildings_barndos_+3 (1).xlsx
Five Stars Pools & Remodeling,+1 469-774-3800,mobile,info@yfspools.com,RECEIVING,https://www.yourfivestarpools.com/contacts.html,Rockwall,TX,3.7,21.0,Swimming pool contractor,"Swimming pool contractor, Swimming pool repair service, Swimming pool supply store",,,,,,,pool_contractor,63,False,Outscraper-20260122015301m55_swimming_pool_contractor_+3.xlsx
TCB Construction Group LLC,+1 214-708-2685,mobile,schelts@tcbconstructiongroup.com,INVALID,http://tcbconstructiongroup.com/,Rockwall,TX,4.5,8.0,Construction company,Construction company,Schelts,Schelts,,owner,,,buildings_barndos,63,False,Outscraper-20260122014906m6a_metal_buildings_barndos_+3 (1).xlsx
TCB Construction Group LLC,+1 214-708-2685,mobile,manny@tcbconstructiongroup.com,RECEIVING,http://tcbconstructiongroup.com/,Rockwall,TX,4.5,8.0,Construction company,Construction company,Manny Lozano,Manny,Lozano,owner,,,buildings_barndos,63,False,Outscraper-20260122014906m6a_metal_buildings_barndos_+3 (1).xlsx
Custom Design Pools,+1 972-880-1209,mobile,,,http://www.customdesignpools4u.com/,Sachse,TX,4.0,4.0,Swimming pool contractor,Swimming pool contractor,,,,,,,pool_contractor,62,False,Outscraper-20260122015301m55_swimming_pool_contractor_+3.xlsx
J&S Steel and Home Construction LLC,+1 347-549-7079,mobile,jssteelandhomeconstruction@gmail.com,RECEIVING,https://www.brooklynnyhandyman.com/,,,4.2,5.0,Home builder,"Home builder, Service establishment",,,,,,,buildings_barndos,62,False,Outscraper-20260122014906m6a_metal_buildings_barndos_+3 (1).xlsx
Truworx Concrete Services,+1 469-745-4163,mobile,truworxservices@gmail.com,RECEIVING,https://www.truworxservices.com/,,,3.7,3.0,Concrete contractor,"Concrete contractor, Asphalt contractor, Service establishment, General contractor, Masonry contractor, Property maintenance",,,,,,,wall_contractor,61,False,Outscraper-20260122015745m61_retaining_wall_contractor_+3 (1).xlsx
Truworx Concrete Services,+1 469-745-4163,mobile,andrew@hinckleydesigns.com,RECEIVING,https://www.truworxservices.com/,,,3.7,3.0,Concrete contractor,"Concrete contractor, Asphalt contractor, Service establishment, General contractor, Masonry contractor, Property maintenance",,,,,,,wall_contractor,61,False,Outscraper-20260122015745m61_retaining_wall_contractor_+3 (1).xlsx
DFW Truck Repair,+1 940-391-2562,mobile,,,,Caddo Mills,TX,4.9,51.0,Truck repair shop,"Truck repair shop, Diesel engine repair service, Farm equipment repair service, Mechanic, Repair service, RV repair shop",,,,,,,equipment_repair,59,False,Outscraper-20260122015520m63_heavy_equipment_repair_+3 (1).xlsx
HONEST MOBILE MECHANICS,+1 615-642-7461,mobile,,,,Royse City,TX,5.0,43.0,Auto repair shop,Auto repair shop,,,,,,,equipment_repair,59,False,Outscraper-20260122015520m63_heavy_equipment_repair_+3 (1).xlsx
Hare Heavy Equipment Services,+1 903-869-9058,mobile,,,http://hareservices.net/,Fate,TX,3.0,2.0,Repair service,Repair service,,,,,,,equipment_repair,59,False,Outscraper-20260122015520m63_heavy_equipment_repair_+3 (1).xlsx
The Planted Stone Landscape & Hardscape,+1 972-876-8163,mobile,,,,Wylie,TX,4.9,39.0,Landscaper,"Landscaper, Landscape architect, Landscape designer",,,,,,,wall_contractor,57,False,Outscraper-20260122015745m61_retaining_wall_contractor_+3 (1).xlsx
Casebolt Mobile RV,+1 469-450-5983,mobile,,,,Rowlett,TX,5.0,12.0,RV repair shop,RV repair shop,,,,,,,equipment_repair,56,False,Outscraper-20260122015520m63_heavy_equipment_repair_+3 (1).xlsx
Kidd's Exterior Solutions,+1 469-601-8771,mobile,,,,,,5.0,11.0,Concrete contractor,"Concrete contractor, Service establishment",,,,,,,repair,56,False,Outscraper-20260122014617m10_foundation_repair_+2 (1).xlsx
Kidd's Exterior Solutions,+1 469-601-8771,mobile,,,,,,5.0,11.0,Concrete contractor,"Concrete contractor, Service establishment",,,,,,,wall_contractor,56,False,Outscraper-20260122015745m61_retaining_wall_contractor_+3 (1).xlsx
J-O-D ELECTRICAL,+1 940-297-5462,mobile,,,,,,5.0,7.0,Electrician,"Electrician, Service establishment",,,,,,,pool_contractor,55,False,Outscraper-20260122015301m55_swimming_pool_contractor_+3.xlsx
ProLine Equipment,+1 469-865-3662,mobile,,,,,,5.0,2.0,Equipment rental agency,"Equipment rental agency, Service establishment",,,,,,,equipment_repair,55,False,Outscraper-20260122015520m63_heavy_equipment_repair_+3 (1).xlsx
Cross-B Construction,+1 214-280-6145,mobile,,,,,,5.0,5.0,General contractor,"General contractor, Service establishment",,,,,,,buildings_barndos,55,False,Outscraper-20260122014906m6a_metal_buildings_barndos_+3 (1).xlsx
C Level Excavation,+1 214-636-7570,mobile,,,,,,5.0,3.0,Excavating contractor,"Excavating contractor, Service establishment",,,,,,,wall_contractor,55,False,Outscraper-20260122015745m61_retaining_wall_contractor_+3 (1).xlsx
8 brotherâ€™s Concrete construction,+1 469-999-8547,mobile,8bconcrete@gmail.com,RECEIVING,,Royse City,TX,5.0,6.0,Concrete contractor,Concrete contractor,,,,,,,repair,55,False,Outscraper-20260122014617m10_foundation_repair_+2 (1).xlsx
Circle M Construction Inc.,+1 214-317-3758,mobile,,,,,,5.0,1.0,Construction company,"Construction company, Service establishment",,,,,,,buildings_barndos,55,False,Outscraper-20260122014906m6a_metal_buildings_barndos_+3 (1).xlsx
Wylie Truck & Trailer Repair,+1 469-901-3474,mobile,,,,Wylie,TX,4.2,35.0,Truck repair shop,Truck repair shop,,,,,,,equipment_repair,55,False,Outscraper-20260122015520m63_heavy_equipment_repair_+3 (1).xlsx
NB TRUCK AND TRAILER REPAIR,+1 469-961-6497,mobile,,,,,,5.0,1.0,Diesel engine repair service,"Diesel engine repair service, Service establishment",,,,,,,equipment_repair,55,False,Outscraper-20260122015520m63_heavy_equipment_repair_+3 (1).xlsx
Wylie concrete repairs,+1 214-500-6924,mobile,,,,,,5.0,9.0,Concrete contractor,"Concrete contractor, Service establishment",,,,,,,repair,55,False,Outscraper-20260122014617m10_foundation_repair_+2 (1).xlsx
Texas Turf Professionals,+1 214-945-9281,mobile,office@texasturfprofessionals.com,RECEIVING,https://texasturfprofessionals.com/,,,1.0,2.0,Landscape designer,"Landscape designer, Service establishment",,,,,,,turf_installer,53,False,Outscraper-20260122015357m07_artificial_turf_installer_+3 (1).xlsx
"Swim N' Sun Pools, Inc.",+1 972-524-3365,mobile,,,,,,4.5,2.0,Swimming pool contractor,"Swimming pool contractor, Service establishment, Pool cleaning service, Swimming pool repair service, Swimming pool supply store",,,,,,,pool_contractor,53,False,Outscraper-20260122015301m55_swimming_pool_contractor_+3.xlsx
Ready Fab Construction,+1 903-453-4182,mobile,,,,,,3.7,3.0,Metal construction company,"Metal construction company, Concrete contractor, Construction company, Service establishment, Metal fabricator, Roofing contractor, Steel construction company, Steel fabricator, Welder",,,,,,,buildings_barndos,51,False,Outscraper-20260122014906m6a_metal_buildings_barndos_+3 (1).xlsx
Riley Equipment Service LLC,+1 214-542-1321,mobile,dave@lab6.com,RECEIVING,http://rileyequipmentservice.com/,Forney,TX,,,Industrial equipment supplier,Industrial equipment supplier,,,,,,,equipment_repair,50,False,Outscraper-20260122015520m63_heavy_equipment_repair_+3 (1).xlsx
DRC Retaining Walls,+1 972-832-1750,mobile,bseaman@drcwalls.net,INVALID,https://drcwalls.net/,McKinney,TX,,,Masonry contractor,"Masonry contractor, Concrete contractor, Construction company",bud seaman,Bud,Seaman,owner,,,wall_contractor,50,False,Outscraper-20260122015745m61_retaining_wall_contractor_+3 (1).xlsx
DRC Retaining Walls,+1 972-832-1750,mobile,graymon@drcwalls.net,INVALID,https://drcwalls.net/,McKinney,TX,,,Masonry contractor,"Masonry contractor, Concrete contractor, Construction company",george raymond,George,Raymond,principal,,,wall_contractor,50,False,Outscraper-20260122015745m61_retaining_wall_contractor_+3 (1).xlsx
DRC Retaining Walls,+1 972-832-1750,mobile,mwarden@drcwalls.net,INVALID,https://drcwalls.net/,McKinney,TX,,,Masonry contractor,"Masonry contractor, Concrete contractor, Construction company",michael warden,Michael,Warden,managing director,,,wall_contractor,50,False,Outscraper-20260122015745m61_retaining_wall_contractor_+3 (1).xlsx
Abide Electric,+1 214-566-6410,mobile,,,https://www.abideelectric.net/,,,,,Electrician,"Electrician, Service establishment",,,,,,,pool_contractor,50,False,Outscraper-20260122015301m55_swimming_pool_contractor_+3.xlsx
Iron Hub Field Solutions,+1 682-249-8097,mobile,rental@iron-hub.com,RECEIVING,https://www.iron-hub.com/,Royse City,TX,,,Mechanic,"Mechanic, Diesel engine repair service, Hydraulic repair service, Small engine repair service",,,,,,,equipment_repair,50,False,Outscraper-20260122015520m63_heavy_equipment_repair_+3 (1).xlsx
Iron Hub Field Solutions,+1 682-249-8097,mobile,service@iron-hub.com,RECEIVING,https://www.iron-hub.com/,Royse City,TX,,,Mechanic,"Mechanic, Diesel engine repair service, Hydraulic repair service, Small engine repair service",,,,,,,equipment_repair,50,False,Outscraper-20260122015520m63_heavy_equipment_repair_+3 (1).xlsx
Evolution Construction Concrete LLC,+1 541-778-5603,mobile,franciscochaparro0925@gmail.com,RECEIVING,http://estradaconstructiontx.com/,,,,,Concrete contractor,"Concrete contractor, Service establishment",,,,,,,repair,50,False,Outscraper-20260122014617m10_foundation_repair_+2 (1).xlsx
Iron Hub Field Solutions,+1 682-249-8097,mobile,sales@iron-hub.com,INVALID,https://www.iron-hub.com/,Royse City,TX,,,Mechanic,"Mechanic, Diesel engine repair service, Hydraulic repair service, Small engine repair service",,,,,,,equipment_repair,50,False,Outscraper-20260122015520m63_heavy_equipment_repair_+3 (1).xlsx
Riley Equipment Service LLC,+1 214-542-1321,mobile,hi@typemade.mx,INVALID,http://rileyequipmentservice.com/,Forney,TX,,,Industrial equipment supplier,Industrial equipment supplier,,,,,,,equipment_repair,50,False,Outscraper-20260122015520m63_heavy_equipment_repair_+3 (1).xlsx
Delgado's & Sons Enterprises,+1 469-867-8816,mobile,,,,,,2.7,7.0,Concrete contractor,"Concrete contractor, Construction company, Service establishment, General contractor, Masonry contractor",,,,,,,repair,48,False,Outscraper-20260122014617m10_foundation_repair_+2 (1).xlsx
Blue Steel Construction DFW,+1 972-890-3681,mobile,,,,Plano,TX,1.0,1.0,Construction company,Construction company,,,,,,,buildings_barndos,43,False,Outscraper-20260122014906m6a_metal_buildings_barndos_+3 (1).xlsx
Pro pool and spa service,+1 972-922-4246,mobile,,,,,,,,Swimming pool contractor,"Swimming pool contractor, Service establishment",,,,,,,pool_contractor,40,False,Outscraper-20260122015301m55_swimming_pool_contractor_+3.xlsx
Zuniga Concrete - Residential & Commercial Concrete,+1 972-214-5814,mobile,,,,,,,,Concrete contractor,"Concrete contractor, Service establishment",,,,,,,repair,40,False,Outscraper-20260122014617m10_foundation_repair_+2 (1).xlsx
"Dalrock Equipment and Trucks, LLC",+1 817-504-4537,mobile,,,,Royse City,TX,,,Construction equipment supplier,Construction equipment supplier,,,,,,,equipment_repair,40,False,Outscraper-20260122015520m63_heavy_equipment_repair_+3 (1).xlsx
Equipment Services,+1 972-704-4153,mobile,,,,Greenville,TX,,,Farm equipment repair service,Farm equipment repair service,,,,,,,equipment_repair,40,False,Outscraper-20260122015520m63_heavy_equipment_repair_+3 (1).xlsx
